{
  "ExportedBy": "StudioWeb",
  "BundleHash": "tv1ffrM4P2sdmgkLKqtikQfahE9qtPIkd8JBT9WHdw",
  "Version": "1.0.0.0",
  "JitAssemblyCompilerCommands": [
    {
      "ProviderName": "DataService",
      "DataServiceDto": {
        "Namespace": "FilterData",
        "SelectedEntitiesNames": [
          "AppUser",
          "AutomationHistory",
          "AutomationHistoryDetail",
          "AutomationProject",
          "FilterData",
          "SystemUser"
        ],
        "ContainerJson": "{\"entities\":[{\"name\":\"AppUser\",\"displayName\":\"App User\",\"entityTypeId\":0,\"entityType\":\"Entity\",\"description\":\"\",\"fields\":[{\"id\":\"6816d417-c1d5-435f-978f-9a534602e2c0\",\"name\":\"CreatedBy\",\"isPrimaryKey\":false,\"isForeignKey\":true,\"isUnique\":false,\"referenceName\":\"fk_CreatedBy_ee4af33d-2c8c-4d91-86d0-c55aea03b999\",\"referenceEntity\":{\"name\":\"SystemUser\",\"displayName\":\"System Users\",\"entityTypeId\":3,\"entityType\":\"SystemEntity\",\"isRbacEnabled\":false,\"invalidIdentifiers\":[],\"isModelReserved\":false,\"id\":\"7bd9f725-61e1-ef11-88f8-002248a1377f\"},\"referenceField\":{\"id\":\"7f9e1476-68e8-4d0c-8993-dc9c285da959\",\"definition\":{\"name\":\"Name\",\"isPrimaryKey\":false,\"isForeignKey\":false,\"isUnique\":false,\"referenceType\":\"ManyToOne\",\"sqlType\":{\"name\":\"NVARCHAR\",\"lengthLimit\":512},\"isRequired\":false,\"displayName\":\"Name\",\"createTime\":\"2025-02-22T15:04:21.2877259Z\",\"updateTime\":\"2025-02-22T15:04:21.287726Z\",\"isSystemField\":false,\"isAttachment\":false,\"isRbacEnabled\":false,\"isModelReserved\":false,\"isVirtualField\":false}},\"referenceType\":\"ManyToOne\",\"sqlType\":{\"name\":\"UNIQUEIDENTIFIER\"},\"isRequired\":true,\"displayName\":\"CreatedBy\",\"description\":\"System built-in field\",\"createTime\":\"2025-02-07T03:29:53.563Z\",\"createdBy\":\"b522eb58-2f50-4ed9-8623-51f495e0c3c1\",\"updateTime\":\"2025-02-07T03:29:53.563Z\",\"isSystemField\":true,\"fieldDisplayType\":\"Relationship\",\"isAttachment\":false,\"isRbacEnabled\":false,\"isModelReserved\":false,\"isVirtualField\":false},{\"id\":\"be602982-db18-4230-a364-ee5bc0776736\",\"name\":\"CreateTime\",\"isPrimaryKey\":false,\"isForeignKey\":false,\"isUnique\":false,\"referenceType\":\"ManyToOne\",\"sqlType\":{\"name\":\"DATETIMEOFFSET\"},\"isRequired\":true,\"displayName\":\"CreateTime\",\"description\":\"System built-in field\",\"createTime\":\"2025-02-07T03:29:53.563Z\",\"createdBy\":\"b522eb58-2f50-4ed9-8623-51f495e0c3c1\",\"updateTime\":\"2025-02-07T03:29:53.563Z\",\"isSystemField\":true,\"isAttachment\":false,\"isRbacEnabled\":false,\"isModelReserved\":false,\"isVirtualField\":false},{\"id\":\"ded93631-05e5-ef11-90cb-002248a1377f\",\"name\":\"Email\",\"isPrimaryKey\":false,\"isForeignKey\":false,\"isUnique\":true,\"referenceType\":\"ManyToOne\",\"sqlType\":{\"name\":\"NVARCHAR\",\"lengthLimit\":200},\"isRequired\":true,\"displayName\":\"Email\",\"description\":\"\",\"createTime\":\"2025-02-07T03:39:54.503Z\",\"createdBy\":\"b522eb58-2f50-4ed9-8623-51f495e0c3c1\",\"updateTime\":\"2025-02-07T03:39:54.503Z\",\"updatedBy\":\"b522eb58-2f50-4ed9-8623-51f495e0c3c1\",\"isSystemField\":false,\"isAttachment\":false,\"isRbacEnabled\":false,\"isModelReserved\":false,\"isVirtualField\":false},{\"id\":\"3a6bd530-b4b5-404f-a9df-cc0fd8ef2739\",\"name\":\"Id\",\"isPrimaryKey\":true,\"isForeignKey\":false,\"isUnique\":false,\"referenceType\":\"ManyToOne\",\"sqlType\":{\"name\":\"UNIQUEIDENTIFIER\"},\"isRequired\":true,\"displayName\":\"Id\",\"description\":\"System built-in field\",\"createTime\":\"2025-02-07T03:29:53.563Z\",\"createdBy\":\"b522eb58-2f50-4ed9-8623-51f495e0c3c1\",\"updateTime\":\"2025-02-07T03:29:53.563Z\",\"isSystemField\":true,\"isAttachment\":false,\"isRbacEnabled\":false,\"isModelReserved\":false,\"isVirtualField\":false},{\"id\":\"3c3276e4-03e5-ef11-90cb-002248a1377f\",\"name\":\"Password\",\"isPrimaryKey\":false,\"isForeignKey\":false,\"isUnique\":false,\"referenceType\":\"ManyToOne\",\"sqlType\":{\"name\":\"NVARCHAR\",\"lengthLimit\":200},\"isRequired\":true,\"displayName\":\"Password\",\"description\":\"\",\"createTime\":\"2025-02-07T03:30:36.23Z\",\"createdBy\":\"b522eb58-2f50-4ed9-8623-51f495e0c3c1\",\"updateTime\":\"2025-02-07T03:30:36.23Z\",\"updatedBy\":\"b522eb58-2f50-4ed9-8623-51f495e0c3c1\",\"isSystemField\":false,\"isAttachment\":false,\"isRbacEnabled\":false,\"isModelReserved\":false,\"isVirtualField\":false},{\"id\":\"25afbc97-a527-43bb-acde-c306ea69f3c2\",\"name\":\"UpdatedBy\",\"isPrimaryKey\":false,\"isForeignKey\":true,\"isUnique\":false,\"referenceName\":\"fk_UpdatedBy_1e773217-58a0-4449-8360-2231a798455e\",\"referenceEntity\":{\"name\":\"SystemUser\",\"displayName\":\"System Users\",\"entityTypeId\":3,\"entityType\":\"SystemEntity\",\"isRbacEnabled\":false,\"invalidIdentifiers\":[],\"isModelReserved\":false,\"id\":\"7bd9f725-61e1-ef11-88f8-002248a1377f\"},\"referenceField\":{\"id\":\"7f9e1476-68e8-4d0c-8993-dc9c285da959\",\"definition\":{\"name\":\"Name\",\"isPrimaryKey\":false,\"isForeignKey\":false,\"isUnique\":false,\"referenceType\":\"ManyToOne\",\"sqlType\":{\"name\":\"NVARCHAR\",\"lengthLimit\":512},\"isRequired\":false,\"displayName\":\"Name\",\"createTime\":\"2025-02-22T15:04:21.2877298Z\",\"updateTime\":\"2025-02-22T15:04:21.2877299Z\",\"isSystemField\":false,\"isAttachment\":false,\"isRbacEnabled\":false,\"isModelReserved\":false,\"isVirtualField\":false}},\"referenceType\":\"ManyToOne\",\"sqlType\":{\"name\":\"UNIQUEIDENTIFIER\"},\"isRequired\":false,\"displayName\":\"UpdatedBy\",\"description\":\"System built-in field\",\"createTime\":\"2025-02-07T03:29:53.563Z\",\"createdBy\":\"b522eb58-2f50-4ed9-8623-51f495e0c3c1\",\"updateTime\":\"2025-02-07T03:29:53.563Z\",\"isSystemField\":true,\"fieldDisplayType\":\"Relationship\",\"isAttachment\":false,\"isRbacEnabled\":false,\"isModelReserved\":false,\"isVirtualField\":false},{\"id\":\"e5ab40c1-66cc-496a-9111-c87cee9e2f84\",\"name\":\"UpdateTime\",\"isPrimaryKey\":false,\"isForeignKey\":false,\"isUnique\":false,\"referenceType\":\"ManyToOne\",\"sqlType\":{\"name\":\"DATETIMEOFFSET\"},\"isRequired\":false,\"displayName\":\"UpdateTime\",\"description\":\"System built-in field\",\"createTime\":\"2025-02-07T03:29:53.563Z\",\"createdBy\":\"b522eb58-2f50-4ed9-8623-51f495e0c3c1\",\"updateTime\":\"2025-02-07T03:29:53.563Z\",\"isSystemField\":true,\"isAttachment\":false,\"isRbacEnabled\":false,\"isModelReserved\":false,\"isVirtualField\":false},{\"id\":\"c23c7fd7-03e5-ef11-90cb-002248a1377f\",\"name\":\"Username\",\"isPrimaryKey\":false,\"isForeignKey\":false,\"isUnique\":false,\"referenceType\":\"ManyToOne\",\"sqlType\":{\"name\":\"NVARCHAR\",\"lengthLimit\":200},\"isRequired\":true,\"displayName\":\"Username\",\"description\":\"\",\"createTime\":\"2025-02-07T03:30:14.487Z\",\"createdBy\":\"b522eb58-2f50-4ed9-8623-51f495e0c3c1\",\"updateTime\":\"2025-02-07T03:30:14.487Z\",\"updatedBy\":\"b522eb58-2f50-4ed9-8623-51f495e0c3c1\",\"isSystemField\":false,\"isAttachment\":false,\"isRbacEnabled\":false,\"isModelReserved\":false,\"isVirtualField\":false}],\"recordCount\":5,\"storageSizeInMB\":0.210937,\"usedStorageSizeInMB\":0.046875,\"isRbacEnabled\":false,\"invalidIdentifiers\":[],\"isModelReserved\":false,\"id\":\"617fffca-03e5-ef11-90cb-002248a1377f\",\"createdBy\":\"b522eb58-2f50-4ed9-8623-51f495e0c3c1\",\"createTime\":\"2025-02-07T03:29:53.51Z\",\"updateTime\":\"2025-02-07T03:39:54.513Z\",\"updatedBy\":\"b522eb58-2f50-4ed9-8623-51f495e0c3c1\"},{\"name\":\"AutomationHistory\",\"displayName\":\"Automation History\",\"entityTypeId\":0,\"entityType\":\"Entity\",\"description\":\"\",\"fields\":[{\"id\":\"752a7cb8-27f1-ef11-90cb-002248a1377f\",\"name\":\"automationProjectId\",\"isPrimaryKey\":false,\"isForeignKey\":true,\"isUnique\":false,\"referenceName\":\"fk_automationProjectId_31252d63-f63f-4d16-b773-96287f21d097\",\"referenceEntity\":{\"name\":\"AutomationProject\",\"displayName\":\"Automation Project\",\"entityTypeId\":0,\"entityType\":\"Entity\",\"isRbacEnabled\":false,\"invalidIdentifiers\":[],\"isModelReserved\":false,\"id\":\"d595f585-28e4-ef11-88f8-002248a13f40\"},\"referenceField\":{\"id\":\"3f0d162c-8376-4096-b353-b0b05fc6fd7b\",\"definition\":{\"name\":\"Id\",\"isPrimaryKey\":false,\"isForeignKey\":false,\"isUnique\":false,\"referenceType\":\"ManyToOne\",\"sqlType\":{\"name\":\"UNIQUEIDENTIFIER\"},\"isRequired\":false,\"displayName\":\"Id\",\"createTime\":\"2025-02-22T15:04:21.2877306Z\",\"updateTime\":\"2025-02-22T15:04:21.2877307Z\",\"isSystemField\":false,\"isAttachment\":false,\"isRbacEnabled\":false,\"isModelReserved\":false,\"isVirtualField\":false}},\"referenceType\":\"ManyToOne\",\"sqlType\":{\"name\":\"UNIQUEIDENTIFIER\",\"lengthLimit\":200},\"isRequired\":true,\"displayName\":\"automationProjectId\",\"description\":\"\",\"createTime\":\"2025-02-22T14:17:18.293Z\",\"createdBy\":\"8c323b3a-5f91-4237-999d-ee2c0969be7e\",\"updateTime\":\"2025-02-22T14:17:18.293Z\",\"updatedBy\":\"8c323b3a-5f91-4237-999d-ee2c0969be7e\",\"isSystemField\":false,\"fieldDisplayType\":\"Relationship\",\"isAttachment\":false,\"isRbacEnabled\":false,\"isModelReserved\":false,\"isVirtualField\":false},{\"id\":\"b6e94f7e-2d0c-45ab-8502-c1bbfa32c2fe\",\"name\":\"CreatedBy\",\"isPrimaryKey\":false,\"isForeignKey\":true,\"isUnique\":false,\"referenceName\":\"fk_CreatedBy_7d79913b-7db8-476a-981a-15253313b55b\",\"referenceEntity\":{\"name\":\"SystemUser\",\"displayName\":\"System Users\",\"entityTypeId\":3,\"entityType\":\"SystemEntity\",\"isRbacEnabled\":false,\"invalidIdentifiers\":[],\"isModelReserved\":false,\"id\":\"7bd9f725-61e1-ef11-88f8-002248a1377f\"},\"referenceField\":{\"id\":\"7f9e1476-68e8-4d0c-8993-dc9c285da959\",\"definition\":{\"name\":\"Name\",\"isPrimaryKey\":false,\"isForeignKey\":false,\"isUnique\":false,\"referenceType\":\"ManyToOne\",\"sqlType\":{\"name\":\"NVARCHAR\",\"lengthLimit\":512},\"isRequired\":false,\"displayName\":\"Name\",\"createTime\":\"2025-02-22T15:04:21.2877336Z\",\"updateTime\":\"2025-02-22T15:04:21.2877336Z\",\"isSystemField\":false,\"isAttachment\":false,\"isRbacEnabled\":false,\"isModelReserved\":false,\"isVirtualField\":false}},\"referenceType\":\"ManyToOne\",\"sqlType\":{\"name\":\"UNIQUEIDENTIFIER\"},\"isRequired\":true,\"displayName\":\"CreatedBy\",\"description\":\"System built-in field\",\"createTime\":\"2025-02-06T07:34:07.69Z\",\"createdBy\":\"b522eb58-2f50-4ed9-8623-51f495e0c3c1\",\"updateTime\":\"2025-02-06T07:34:07.69Z\",\"isSystemField\":true,\"fieldDisplayType\":\"Relationship\",\"isAttachment\":false,\"isRbacEnabled\":false,\"isModelReserved\":false,\"isVirtualField\":false},{\"id\":\"d9d580a0-db0c-431b-ac6d-3afdbffa5305\",\"name\":\"CreateTime\",\"isPrimaryKey\":false,\"isForeignKey\":false,\"isUnique\":false,\"referenceType\":\"ManyToOne\",\"sqlType\":{\"name\":\"DATETIMEOFFSET\"},\"isRequired\":true,\"displayName\":\"CreateTime\",\"description\":\"System built-in field\",\"createTime\":\"2025-02-06T07:34:07.69Z\",\"createdBy\":\"b522eb58-2f50-4ed9-8623-51f495e0c3c1\",\"updateTime\":\"2025-02-06T07:34:07.69Z\",\"isSystemField\":true,\"isAttachment\":false,\"isRbacEnabled\":false,\"isModelReserved\":false,\"isVirtualField\":false},{\"id\":\"47b88bda-f9b3-418f-8781-6ff7f4b6b253\",\"name\":\"Id\",\"isPrimaryKey\":true,\"isForeignKey\":false,\"isUnique\":false,\"referenceType\":\"ManyToOne\",\"sqlType\":{\"name\":\"UNIQUEIDENTIFIER\"},\"isRequired\":true,\"displayName\":\"Id\",\"description\":\"System built-in field\",\"createTime\":\"2025-02-06T07:34:07.69Z\",\"createdBy\":\"b522eb58-2f50-4ed9-8623-51f495e0c3c1\",\"updateTime\":\"2025-02-06T07:34:07.69Z\",\"isSystemField\":true,\"isAttachment\":false,\"isRbacEnabled\":false,\"isModelReserved\":false,\"isVirtualField\":false},{\"id\":\"ee14bd8f-5de4-ef11-88f8-002248a13f40\",\"name\":\"LastRun\",\"isPrimaryKey\":false,\"isForeignKey\":false,\"isUnique\":false,\"referenceType\":\"ManyToOne\",\"sqlType\":{\"name\":\"DATETIMEOFFSET\",\"lengthLimit\":200},\"isRequired\":true,\"displayName\":\"LastRun\",\"description\":\"\",\"createTime\":\"2025-02-06T07:39:57.637Z\",\"createdBy\":\"b522eb58-2f50-4ed9-8623-51f495e0c3c1\",\"updateTime\":\"2025-02-06T07:39:57.637Z\",\"updatedBy\":\"b522eb58-2f50-4ed9-8623-51f495e0c3c1\",\"isSystemField\":false,\"isAttachment\":false,\"isRbacEnabled\":false,\"isModelReserved\":false,\"isVirtualField\":false},{\"id\":\"847c15dc-5ce4-ef11-88f8-002248a13f40\",\"name\":\"Process\",\"isPrimaryKey\":false,\"isForeignKey\":false,\"isUnique\":false,\"referenceType\":\"ManyToOne\",\"sqlType\":{\"name\":\"NVARCHAR\",\"lengthLimit\":200},\"isRequired\":true,\"displayName\":\"Process\",\"description\":\"\",\"createTime\":\"2025-02-06T07:34:56.227Z\",\"createdBy\":\"b522eb58-2f50-4ed9-8623-51f495e0c3c1\",\"updateTime\":\"2025-02-06T07:34:56.227Z\",\"updatedBy\":\"b522eb58-2f50-4ed9-8623-51f495e0c3c1\",\"isSystemField\":false,\"isAttachment\":false,\"isRbacEnabled\":false,\"isModelReserved\":false,\"isVirtualField\":false},{\"id\":\"60cb0e00-5ee4-ef11-88f8-002248a13f40\",\"name\":\"ReportFile\",\"isPrimaryKey\":false,\"isForeignKey\":true,\"isUnique\":false,\"referenceName\":\"fk_ReportFile_b43b9425-51ba-4df9-8bcc-7d1b9f11b98e\",\"referenceEntity\":{\"name\":\"EntityAttachment\",\"displayName\":\"EntityAttachment\",\"entityTypeId\":2,\"entityType\":\"InternalEntity\",\"isRbacEnabled\":false,\"invalidIdentifiers\":[],\"isModelReserved\":false,\"id\":\"54d509ef-29e4-ef11-88f8-002248a13f40\"},\"referenceField\":{\"id\":\"9d3d09d3-8c72-44d8-bc97-3cf5c20371f0\",\"definition\":{\"name\":\"Name\",\"isPrimaryKey\":false,\"isForeignKey\":false,\"isUnique\":false,\"referenceType\":\"ManyToOne\",\"sqlType\":{\"name\":\"NVARCHAR\",\"lengthLimit\":4000},\"isRequired\":false,\"displayName\":\"Name\",\"createTime\":\"2025-02-22T15:04:21.2877356Z\",\"updateTime\":\"2025-02-22T15:04:21.2877356Z\",\"isSystemField\":false,\"isAttachment\":false,\"isRbacEnabled\":false,\"isModelReserved\":false,\"isVirtualField\":false}},\"referenceType\":\"ManyToOne\",\"sqlType\":{\"name\":\"UNIQUEIDENTIFIER\"},\"isRequired\":false,\"displayName\":\"ReportFile\",\"description\":\"\",\"createTime\":\"2025-02-06T07:43:06.07Z\",\"createdBy\":\"b522eb58-2f50-4ed9-8623-51f495e0c3c1\",\"updateTime\":\"2025-02-06T07:43:06.07Z\",\"updatedBy\":\"b522eb58-2f50-4ed9-8623-51f495e0c3c1\",\"isSystemField\":false,\"fieldDisplayType\":\"File\",\"isAttachment\":true,\"isRbacEnabled\":false,\"isModelReserved\":false,\"isVirtualField\":false},{\"id\":\"dbefef35-2ef1-ef11-90cb-002248a1377f\",\"name\":\"RunBy\",\"isPrimaryKey\":false,\"isForeignKey\":false,\"isUnique\":false,\"referenceType\":\"ManyToOne\",\"sqlType\":{\"name\":\"NVARCHAR\",\"lengthLimit\":200},\"isRequired\":false,\"displayName\":\"RunBy\",\"description\":\"\",\"createTime\":\"2025-02-22T15:03:45.74Z\",\"createdBy\":\"8c323b3a-5f91-4237-999d-ee2c0969be7e\",\"updateTime\":\"2025-02-22T15:03:45.74Z\",\"updatedBy\":\"8c323b3a-5f91-4237-999d-ee2c0969be7e\",\"isSystemField\":false,\"isAttachment\":false,\"isRbacEnabled\":false,\"isModelReserved\":false,\"isVirtualField\":false},{\"id\":\"b6b75d5c-5de4-ef11-88f8-002248a13f40\",\"name\":\"Status\",\"isPrimaryKey\":false,\"isForeignKey\":false,\"isUnique\":false,\"referenceType\":\"ManyToOne\",\"sqlType\":{\"name\":\"NVARCHAR\",\"lengthLimit\":200},\"isRequired\":true,\"displayName\":\"Status\",\"description\":\"\",\"createTime\":\"2025-02-06T07:38:31.443Z\",\"createdBy\":\"b522eb58-2f50-4ed9-8623-51f495e0c3c1\",\"updateTime\":\"2025-02-06T07:38:31.443Z\",\"updatedBy\":\"b522eb58-2f50-4ed9-8623-51f495e0c3c1\",\"isSystemField\":false,\"isAttachment\":false,\"isRbacEnabled\":false,\"isModelReserved\":false,\"isVirtualField\":false},{\"id\":\"1983ad35-ff67-4dca-a51d-9a75770c2e4c\",\"name\":\"UpdatedBy\",\"isPrimaryKey\":false,\"isForeignKey\":true,\"isUnique\":false,\"referenceName\":\"fk_UpdatedBy_bd28eac2-e861-45ad-b6ef-bc851d22be54\",\"referenceEntity\":{\"name\":\"SystemUser\",\"displayName\":\"System Users\",\"entityTypeId\":3,\"entityType\":\"SystemEntity\",\"isRbacEnabled\":false,\"invalidIdentifiers\":[],\"isModelReserved\":false,\"id\":\"7bd9f725-61e1-ef11-88f8-002248a1377f\"},\"referenceField\":{\"id\":\"7f9e1476-68e8-4d0c-8993-dc9c285da959\",\"definition\":{\"name\":\"Name\",\"isPrimaryKey\":false,\"isForeignKey\":false,\"isUnique\":false,\"referenceType\":\"ManyToOne\",\"sqlType\":{\"name\":\"NVARCHAR\",\"lengthLimit\":512},\"isRequired\":false,\"displayName\":\"Name\",\"createTime\":\"2025-02-22T15:04:21.287738Z\",\"updateTime\":\"2025-02-22T15:04:21.287738Z\",\"isSystemField\":false,\"isAttachment\":false,\"isRbacEnabled\":false,\"isModelReserved\":false,\"isVirtualField\":false}},\"referenceType\":\"ManyToOne\",\"sqlType\":{\"name\":\"UNIQUEIDENTIFIER\"},\"isRequired\":false,\"displayName\":\"UpdatedBy\",\"description\":\"System built-in field\",\"createTime\":\"2025-02-06T07:34:07.69Z\",\"createdBy\":\"b522eb58-2f50-4ed9-8623-51f495e0c3c1\",\"updateTime\":\"2025-02-06T07:34:07.69Z\",\"isSystemField\":true,\"fieldDisplayType\":\"Relationship\",\"isAttachment\":false,\"isRbacEnabled\":false,\"isModelReserved\":false,\"isVirtualField\":false},{\"id\":\"8d4c3f7a-03e6-4873-b131-b01a41df9a77\",\"name\":\"UpdateTime\",\"isPrimaryKey\":false,\"isForeignKey\":false,\"isUnique\":false,\"referenceType\":\"ManyToOne\",\"sqlType\":{\"name\":\"DATETIMEOFFSET\"},\"isRequired\":false,\"displayName\":\"UpdateTime\",\"description\":\"System built-in field\",\"createTime\":\"2025-02-06T07:34:07.69Z\",\"createdBy\":\"b522eb58-2f50-4ed9-8623-51f495e0c3c1\",\"updateTime\":\"2025-02-06T07:34:07.69Z\",\"isSystemField\":true,\"isAttachment\":false,\"isRbacEnabled\":false,\"isModelReserved\":false,\"isVirtualField\":false}],\"recordCount\":78,\"storageSizeInMB\":0.140625,\"usedStorageSizeInMB\":0.046875,\"isRbacEnabled\":false,\"invalidIdentifiers\":[],\"isModelReserved\":false,\"id\":\"a2901ebf-5ce4-ef11-88f8-002248a13f40\",\"createdBy\":\"b522eb58-2f50-4ed9-8623-51f495e0c3c1\",\"createTime\":\"2025-02-06T07:34:07.633Z\",\"updateTime\":\"2025-02-22T15:03:45.75Z\",\"updatedBy\":\"8c323b3a-5f91-4237-999d-ee2c0969be7e\"},{\"name\":\"AutomationHistoryDetail\",\"displayName\":\"Automation History Detail\",\"entityTypeId\":0,\"entityType\":\"Entity\",\"description\":\"\",\"fields\":[{\"id\":\"7b92d0fb-27f1-ef11-90cb-002248a1377f\",\"name\":\"automationHistId\",\"isPrimaryKey\":false,\"isForeignKey\":true,\"isUnique\":false,\"referenceName\":\"fk_automationHistId_513a9669-8204-4b8c-9d30-fbde030f809c\",\"referenceEntity\":{\"name\":\"AutomationHistory\",\"displayName\":\"Automation History\",\"entityTypeId\":0,\"entityType\":\"Entity\",\"isRbacEnabled\":false,\"invalidIdentifiers\":[],\"isModelReserved\":false,\"id\":\"a2901ebf-5ce4-ef11-88f8-002248a13f40\"},\"referenceField\":{\"id\":\"47b88bda-f9b3-418f-8781-6ff7f4b6b253\",\"definition\":{\"name\":\"Id\",\"isPrimaryKey\":false,\"isForeignKey\":false,\"isUnique\":false,\"referenceType\":\"ManyToOne\",\"sqlType\":{\"name\":\"UNIQUEIDENTIFIER\"},\"isRequired\":false,\"displayName\":\"Id\",\"createTime\":\"2025-02-22T15:04:21.2877386Z\",\"updateTime\":\"2025-02-22T15:04:21.2877386Z\",\"isSystemField\":false,\"isAttachment\":false,\"isRbacEnabled\":false,\"isModelReserved\":false,\"isVirtualField\":false}},\"referenceType\":\"ManyToOne\",\"sqlType\":{\"name\":\"UNIQUEIDENTIFIER\",\"lengthLimit\":200},\"isRequired\":true,\"displayName\":\"automationHistId\",\"description\":\"\",\"createTime\":\"2025-02-22T14:19:11.257Z\",\"createdBy\":\"8c323b3a-5f91-4237-999d-ee2c0969be7e\",\"updateTime\":\"2025-02-22T14:19:11.257Z\",\"updatedBy\":\"8c323b3a-5f91-4237-999d-ee2c0969be7e\",\"isSystemField\":false,\"fieldDisplayType\":\"Relationship\",\"isAttachment\":false,\"isRbacEnabled\":false,\"isModelReserved\":false,\"isVirtualField\":false},{\"id\":\"12f17428-e4e6-ef11-90cb-002248a1377f\",\"name\":\"AutomationHistoryId\",\"isPrimaryKey\":false,\"isForeignKey\":false,\"isUnique\":false,\"referenceType\":\"ManyToOne\",\"sqlType\":{\"name\":\"NVARCHAR\",\"lengthLimit\":200},\"isRequired\":false,\"displayName\":\"AutomationHistoryId\",\"description\":\"\",\"createTime\":\"2025-02-09T12:48:28.747Z\",\"createdBy\":\"8c323b3a-5f91-4237-999d-ee2c0969be7e\",\"updateTime\":\"2025-02-09T12:48:28.747Z\",\"updatedBy\":\"8c323b3a-5f91-4237-999d-ee2c0969be7e\",\"isSystemField\":false,\"isAttachment\":false,\"isRbacEnabled\":false,\"isModelReserved\":false,\"isVirtualField\":false},{\"id\":\"dc728d71-499e-4bdd-a804-f2d1980b4b75\",\"name\":\"CreatedBy\",\"isPrimaryKey\":false,\"isForeignKey\":true,\"isUnique\":false,\"referenceName\":\"fk_CreatedBy_aa66f4cc-2940-42c3-9531-a033bbacd58e\",\"referenceEntity\":{\"name\":\"SystemUser\",\"displayName\":\"System Users\",\"entityTypeId\":3,\"entityType\":\"SystemEntity\",\"isRbacEnabled\":false,\"invalidIdentifiers\":[],\"isModelReserved\":false,\"id\":\"7bd9f725-61e1-ef11-88f8-002248a1377f\"},\"referenceField\":{\"id\":\"7f9e1476-68e8-4d0c-8993-dc9c285da959\",\"definition\":{\"name\":\"Name\",\"isPrimaryKey\":false,\"isForeignKey\":false,\"isUnique\":false,\"referenceType\":\"ManyToOne\",\"sqlType\":{\"name\":\"NVARCHAR\",\"lengthLimit\":512},\"isRequired\":false,\"displayName\":\"Name\",\"createTime\":\"2025-02-22T15:04:21.287741Z\",\"updateTime\":\"2025-02-22T15:04:21.2877411Z\",\"isSystemField\":false,\"isAttachment\":false,\"isRbacEnabled\":false,\"isModelReserved\":false,\"isVirtualField\":false}},\"referenceType\":\"ManyToOne\",\"sqlType\":{\"name\":\"UNIQUEIDENTIFIER\"},\"isRequired\":true,\"displayName\":\"CreatedBy\",\"description\":\"System built-in field\",\"createTime\":\"2025-02-09T12:47:55.907Z\",\"createdBy\":\"8c323b3a-5f91-4237-999d-ee2c0969be7e\",\"updateTime\":\"2025-02-09T12:47:55.907Z\",\"isSystemField\":true,\"fieldDisplayType\":\"Relationship\",\"isAttachment\":false,\"isRbacEnabled\":false,\"isModelReserved\":false,\"isVirtualField\":false},{\"id\":\"0833ed68-3c8c-455f-8f27-deb11f9561d4\",\"name\":\"CreateTime\",\"isPrimaryKey\":false,\"isForeignKey\":false,\"isUnique\":false,\"referenceType\":\"ManyToOne\",\"sqlType\":{\"name\":\"DATETIMEOFFSET\"},\"isRequired\":true,\"displayName\":\"CreateTime\",\"description\":\"System built-in field\",\"createTime\":\"2025-02-09T12:47:55.907Z\",\"createdBy\":\"8c323b3a-5f91-4237-999d-ee2c0969be7e\",\"updateTime\":\"2025-02-09T12:47:55.907Z\",\"isSystemField\":true,\"isAttachment\":false,\"isRbacEnabled\":false,\"isModelReserved\":false,\"isVirtualField\":false},{\"id\":\"5448ec47-b27e-44e2-b983-234e6b04de85\",\"name\":\"Id\",\"isPrimaryKey\":true,\"isForeignKey\":false,\"isUnique\":false,\"referenceType\":\"ManyToOne\",\"sqlType\":{\"name\":\"UNIQUEIDENTIFIER\"},\"isRequired\":true,\"displayName\":\"Id\",\"description\":\"System built-in field\",\"createTime\":\"2025-02-09T12:47:55.907Z\",\"createdBy\":\"8c323b3a-5f91-4237-999d-ee2c0969be7e\",\"updateTime\":\"2025-02-09T12:47:55.907Z\",\"isSystemField\":true,\"isAttachment\":false,\"isRbacEnabled\":false,\"isModelReserved\":false,\"isVirtualField\":false},{\"id\":\"740423a6-e7e6-ef11-90cb-002248a1377f\",\"name\":\"TotalData\",\"isPrimaryKey\":false,\"isForeignKey\":false,\"isUnique\":false,\"referenceType\":\"ManyToOne\",\"sqlType\":{\"name\":\"DECIMAL\",\"lengthLimit\":1000,\"maxValue\":1000000000000.0,\"minValue\":-1000000000000.0,\"decimalPrecision\":2},\"isRequired\":false,\"displayName\":\"TotalData\",\"description\":\"\",\"createTime\":\"2025-02-09T13:13:28.093Z\",\"createdBy\":\"8c323b3a-5f91-4237-999d-ee2c0969be7e\",\"updateTime\":\"2025-02-09T13:13:28.093Z\",\"updatedBy\":\"8c323b3a-5f91-4237-999d-ee2c0969be7e\",\"isSystemField\":false,\"isAttachment\":false,\"isRbacEnabled\":false,\"isModelReserved\":false,\"isVirtualField\":false},{\"id\":\"8e4f169c-e7e6-ef11-90cb-002248a1377f\",\"name\":\"TotalDataFailed\",\"isPrimaryKey\":false,\"isForeignKey\":false,\"isUnique\":false,\"referenceType\":\"ManyToOne\",\"sqlType\":{\"name\":\"DECIMAL\",\"lengthLimit\":1000,\"maxValue\":1000000000000.0,\"minValue\":-1000000000000.0,\"decimalPrecision\":2},\"isRequired\":false,\"displayName\":\"TotalDataFailed\",\"description\":\"\",\"createTime\":\"2025-02-09T13:13:11.227Z\",\"createdBy\":\"8c323b3a-5f91-4237-999d-ee2c0969be7e\",\"updateTime\":\"2025-02-09T13:13:11.227Z\",\"updatedBy\":\"8c323b3a-5f91-4237-999d-ee2c0969be7e\",\"isSystemField\":false,\"isAttachment\":false,\"isRbacEnabled\":false,\"isModelReserved\":false,\"isVirtualField\":false},{\"id\":\"94d3af4e-8489-490a-b8d7-b3c794dbc359\",\"name\":\"UpdatedBy\",\"isPrimaryKey\":false,\"isForeignKey\":true,\"isUnique\":false,\"referenceName\":\"fk_UpdatedBy_28ba4174-4899-44bd-8db6-f5178ba8928c\",\"referenceEntity\":{\"name\":\"SystemUser\",\"displayName\":\"System Users\",\"entityTypeId\":3,\"entityType\":\"SystemEntity\",\"isRbacEnabled\":false,\"invalidIdentifiers\":[],\"isModelReserved\":false,\"id\":\"7bd9f725-61e1-ef11-88f8-002248a1377f\"},\"referenceField\":{\"id\":\"7f9e1476-68e8-4d0c-8993-dc9c285da959\",\"definition\":{\"name\":\"Name\",\"isPrimaryKey\":false,\"isForeignKey\":false,\"isUnique\":false,\"referenceType\":\"ManyToOne\",\"sqlType\":{\"name\":\"NVARCHAR\",\"lengthLimit\":512},\"isRequired\":false,\"displayName\":\"Name\",\"createTime\":\"2025-02-22T15:04:21.2877444Z\",\"updateTime\":\"2025-02-22T15:04:21.2877447Z\",\"isSystemField\":false,\"isAttachment\":false,\"isRbacEnabled\":false,\"isModelReserved\":false,\"isVirtualField\":false}},\"referenceType\":\"ManyToOne\",\"sqlType\":{\"name\":\"UNIQUEIDENTIFIER\"},\"isRequired\":false,\"displayName\":\"UpdatedBy\",\"description\":\"System built-in field\",\"createTime\":\"2025-02-09T12:47:55.907Z\",\"createdBy\":\"8c323b3a-5f91-4237-999d-ee2c0969be7e\",\"updateTime\":\"2025-02-09T12:47:55.907Z\",\"isSystemField\":true,\"fieldDisplayType\":\"Relationship\",\"isAttachment\":false,\"isRbacEnabled\":false,\"isModelReserved\":false,\"isVirtualField\":false},{\"id\":\"d8b938e4-aeba-4bf4-bbba-a845067f79c7\",\"name\":\"UpdateTime\",\"isPrimaryKey\":false,\"isForeignKey\":false,\"isUnique\":false,\"referenceType\":\"ManyToOne\",\"sqlType\":{\"name\":\"DATETIMEOFFSET\"},\"isRequired\":false,\"displayName\":\"UpdateTime\",\"description\":\"System built-in field\",\"createTime\":\"2025-02-09T12:47:55.907Z\",\"createdBy\":\"8c323b3a-5f91-4237-999d-ee2c0969be7e\",\"updateTime\":\"2025-02-09T12:47:55.907Z\",\"isSystemField\":true,\"isAttachment\":false,\"isRbacEnabled\":false,\"isModelReserved\":false,\"isVirtualField\":false}],\"recordCount\":14,\"storageSizeInMB\":0.140625,\"usedStorageSizeInMB\":0.03125,\"isRbacEnabled\":false,\"invalidIdentifiers\":[],\"isModelReserved\":false,\"id\":\"82f2d914-e4e6-ef11-90cb-002248a1377f\",\"createdBy\":\"8c323b3a-5f91-4237-999d-ee2c0969be7e\",\"createTime\":\"2025-02-09T12:47:55.85Z\",\"updateTime\":\"2025-02-22T14:19:11.253Z\",\"updatedBy\":\"8c323b3a-5f91-4237-999d-ee2c0969be7e\"},{\"name\":\"AutomationProject\",\"displayName\":\"Automation Project\",\"entityTypeId\":0,\"entityType\":\"Entity\",\"description\":\"\",\"fields\":[{\"id\":\"a58c3a39-27f1-ef11-90cb-002248a1377f\",\"name\":\"appUserId\",\"isPrimaryKey\":false,\"isForeignKey\":true,\"isUnique\":false,\"referenceName\":\"fk_appUserId_589dec0e-52a5-41b4-ac10-e8fa766b1825\",\"referenceEntity\":{\"name\":\"AppUser\",\"displayName\":\"App User\",\"entityTypeId\":0,\"entityType\":\"Entity\",\"isRbacEnabled\":false,\"invalidIdentifiers\":[],\"isModelReserved\":false,\"id\":\"617fffca-03e5-ef11-90cb-002248a1377f\"},\"referenceField\":{\"id\":\"3a6bd530-b4b5-404f-a9df-cc0fd8ef2739\",\"definition\":{\"name\":\"Id\",\"isPrimaryKey\":false,\"isForeignKey\":false,\"isUnique\":false,\"referenceType\":\"ManyToOne\",\"sqlType\":{\"name\":\"UNIQUEIDENTIFIER\"},\"isRequired\":false,\"displayName\":\"Id\",\"createTime\":\"2025-02-22T15:04:21.2877452Z\",\"updateTime\":\"2025-02-22T15:04:21.2877452Z\",\"isSystemField\":false,\"isAttachment\":false,\"isRbacEnabled\":false,\"isModelReserved\":false,\"isVirtualField\":false}},\"referenceType\":\"ManyToOne\",\"sqlType\":{\"name\":\"UNIQUEIDENTIFIER\",\"lengthLimit\":200},\"isRequired\":true,\"displayName\":\"appUserId\",\"description\":\"\",\"createTime\":\"2025-02-22T14:13:44.787Z\",\"createdBy\":\"8c323b3a-5f91-4237-999d-ee2c0969be7e\",\"updateTime\":\"2025-02-22T14:13:44.787Z\",\"updatedBy\":\"8c323b3a-5f91-4237-999d-ee2c0969be7e\",\"isSystemField\":false,\"fieldDisplayType\":\"Relationship\",\"isAttachment\":false,\"isRbacEnabled\":false,\"isModelReserved\":false,\"isVirtualField\":false},{\"id\":\"25545028-01f8-44b4-98f6-162a7b68530e\",\"name\":\"CreatedBy\",\"isPrimaryKey\":false,\"isForeignKey\":true,\"isUnique\":false,\"referenceName\":\"fk_CreatedBy_4b81c0a9-a2b8-44ed-93ba-ebcfa906a08d\",\"referenceEntity\":{\"name\":\"SystemUser\",\"displayName\":\"System Users\",\"entityTypeId\":3,\"entityType\":\"SystemEntity\",\"isRbacEnabled\":false,\"invalidIdentifiers\":[],\"isModelReserved\":false,\"id\":\"7bd9f725-61e1-ef11-88f8-002248a1377f\"},\"referenceField\":{\"id\":\"7f9e1476-68e8-4d0c-8993-dc9c285da959\",\"definition\":{\"name\":\"Name\",\"isPrimaryKey\":false,\"isForeignKey\":false,\"isUnique\":false,\"referenceType\":\"ManyToOne\",\"sqlType\":{\"name\":\"NVARCHAR\",\"lengthLimit\":512},\"isRequired\":false,\"displayName\":\"Name\",\"createTime\":\"2025-02-22T15:04:21.2877462Z\",\"updateTime\":\"2025-02-22T15:04:21.2877462Z\",\"isSystemField\":false,\"isAttachment\":false,\"isRbacEnabled\":false,\"isModelReserved\":false,\"isVirtualField\":false}},\"referenceType\":\"ManyToOne\",\"sqlType\":{\"name\":\"UNIQUEIDENTIFIER\"},\"isRequired\":true,\"displayName\":\"CreatedBy\",\"description\":\"System built-in field\",\"createTime\":\"2025-02-06T01:20:18.033Z\",\"createdBy\":\"b522eb58-2f50-4ed9-8623-51f495e0c3c1\",\"updateTime\":\"2025-02-06T01:20:18.033Z\",\"isSystemField\":true,\"fieldDisplayType\":\"Relationship\",\"isAttachment\":false,\"isRbacEnabled\":false,\"isModelReserved\":false,\"isVirtualField\":false},{\"id\":\"88d5fc21-13b2-4ead-bb15-be7dc4bcb6ee\",\"name\":\"CreateTime\",\"isPrimaryKey\":false,\"isForeignKey\":false,\"isUnique\":false,\"referenceType\":\"ManyToOne\",\"sqlType\":{\"name\":\"DATETIMEOFFSET\"},\"isRequired\":true,\"displayName\":\"CreateTime\",\"description\":\"System built-in field\",\"createTime\":\"2025-02-06T01:20:18.033Z\",\"createdBy\":\"b522eb58-2f50-4ed9-8623-51f495e0c3c1\",\"updateTime\":\"2025-02-06T01:20:18.033Z\",\"isSystemField\":true,\"isAttachment\":false,\"isRbacEnabled\":false,\"isModelReserved\":false,\"isVirtualField\":false},{\"id\":\"61d509ef-29e4-ef11-88f8-002248a13f40\",\"name\":\"ExcelDataFile\",\"isPrimaryKey\":false,\"isForeignKey\":true,\"isUnique\":false,\"referenceName\":\"fk_ExcelDataFile_4179e96f-51e7-4f01-81b3-2ecd1e917835\",\"referenceEntity\":{\"name\":\"EntityAttachment\",\"displayName\":\"EntityAttachment\",\"entityTypeId\":2,\"entityType\":\"InternalEntity\",\"isRbacEnabled\":false,\"invalidIdentifiers\":[],\"isModelReserved\":false,\"id\":\"54d509ef-29e4-ef11-88f8-002248a13f40\"},\"referenceField\":{\"id\":\"9d3d09d3-8c72-44d8-bc97-3cf5c20371f0\",\"definition\":{\"name\":\"Name\",\"isPrimaryKey\":false,\"isForeignKey\":false,\"isUnique\":false,\"referenceType\":\"ManyToOne\",\"sqlType\":{\"name\":\"NVARCHAR\",\"lengthLimit\":4000},\"isRequired\":false,\"displayName\":\"Name\",\"createTime\":\"2025-02-22T15:04:21.2877486Z\",\"updateTime\":\"2025-02-22T15:04:21.2877486Z\",\"isSystemField\":false,\"isAttachment\":false,\"isRbacEnabled\":false,\"isModelReserved\":false,\"isVirtualField\":false}},\"referenceType\":\"ManyToOne\",\"sqlType\":{\"name\":\"UNIQUEIDENTIFIER\"},\"isRequired\":false,\"displayName\":\"ExcelDataFile\",\"description\":\"\",\"createTime\":\"2025-02-06T01:30:23.94Z\",\"createdBy\":\"b522eb58-2f50-4ed9-8623-51f495e0c3c1\",\"updateTime\":\"2025-02-06T01:30:23.94Z\",\"updatedBy\":\"b522eb58-2f50-4ed9-8623-51f495e0c3c1\",\"isSystemField\":false,\"fieldDisplayType\":\"File\",\"isAttachment\":true,\"isRbacEnabled\":false,\"isModelReserved\":false,\"isVirtualField\":false},{\"id\":\"1fba3aec-b1e6-ef11-90cb-002248a1377f\",\"name\":\"ExcelDataFileName\",\"isPrimaryKey\":false,\"isForeignKey\":false,\"isUnique\":false,\"referenceType\":\"ManyToOne\",\"sqlType\":{\"name\":\"NVARCHAR\",\"lengthLimit\":200},\"isRequired\":false,\"displayName\":\"ExcelDataFileName\",\"description\":\"\",\"createTime\":\"2025-02-09T06:48:52.867Z\",\"createdBy\":\"8c323b3a-5f91-4237-999d-ee2c0969be7e\",\"updateTime\":\"2025-02-09T06:48:52.867Z\",\"updatedBy\":\"8c323b3a-5f91-4237-999d-ee2c0969be7e\",\"isSystemField\":false,\"isAttachment\":false,\"isRbacEnabled\":false,\"isModelReserved\":false,\"isVirtualField\":false},{\"id\":\"3f0d162c-8376-4096-b353-b0b05fc6fd7b\",\"name\":\"Id\",\"isPrimaryKey\":true,\"isForeignKey\":false,\"isUnique\":false,\"referenceType\":\"ManyToOne\",\"sqlType\":{\"name\":\"UNIQUEIDENTIFIER\"},\"isRequired\":true,\"displayName\":\"Id\",\"description\":\"System built-in field\",\"createTime\":\"2025-02-06T01:20:18.033Z\",\"createdBy\":\"b522eb58-2f50-4ed9-8623-51f495e0c3c1\",\"updateTime\":\"2025-02-06T01:20:18.033Z\",\"isSystemField\":true,\"isAttachment\":false,\"isRbacEnabled\":false,\"isModelReserved\":false,\"isVirtualField\":false},{\"id\":\"ef89f667-2ae4-ef11-88f8-002248a13f40\",\"name\":\"ImageFile\",\"isPrimaryKey\":false,\"isForeignKey\":true,\"isUnique\":false,\"referenceName\":\"fk_ImageFile_cc4582f8-33c1-4b1c-b3f4-62be5943b23f\",\"referenceEntity\":{\"name\":\"EntityAttachment\",\"displayName\":\"EntityAttachment\",\"entityTypeId\":2,\"entityType\":\"InternalEntity\",\"isRbacEnabled\":false,\"invalidIdentifiers\":[],\"isModelReserved\":false,\"id\":\"54d509ef-29e4-ef11-88f8-002248a13f40\"},\"referenceField\":{\"id\":\"9d3d09d3-8c72-44d8-bc97-3cf5c20371f0\",\"definition\":{\"name\":\"Name\",\"isPrimaryKey\":false,\"isForeignKey\":false,\"isUnique\":false,\"referenceType\":\"ManyToOne\",\"sqlType\":{\"name\":\"NVARCHAR\",\"lengthLimit\":4000},\"isRequired\":false,\"displayName\":\"Name\",\"createTime\":\"2025-02-22T15:04:21.2877496Z\",\"updateTime\":\"2025-02-22T15:04:21.2877496Z\",\"isSystemField\":false,\"isAttachment\":false,\"isRbacEnabled\":false,\"isModelReserved\":false,\"isVirtualField\":false}},\"referenceType\":\"ManyToOne\",\"sqlType\":{\"name\":\"UNIQUEIDENTIFIER\"},\"isRequired\":false,\"displayName\":\"ImageFile\",\"description\":\"\",\"createTime\":\"2025-02-06T01:33:46.57Z\",\"createdBy\":\"b522eb58-2f50-4ed9-8623-51f495e0c3c1\",\"updateTime\":\"2025-02-06T01:33:46.57Z\",\"updatedBy\":\"b522eb58-2f50-4ed9-8623-51f495e0c3c1\",\"isSystemField\":false,\"fieldDisplayType\":\"File\",\"isAttachment\":true,\"isRbacEnabled\":false,\"isModelReserved\":false,\"isVirtualField\":false},{\"id\":\"20ba3aec-b1e6-ef11-90cb-002248a1377f\",\"name\":\"ImageFileName\",\"isPrimaryKey\":false,\"isForeignKey\":false,\"isUnique\":false,\"referenceType\":\"ManyToOne\",\"sqlType\":{\"name\":\"NVARCHAR\",\"lengthLimit\":200},\"isRequired\":false,\"displayName\":\"ImageFileName\",\"description\":\"\",\"createTime\":\"2025-02-09T06:48:59.717Z\",\"createdBy\":\"8c323b3a-5f91-4237-999d-ee2c0969be7e\",\"updateTime\":\"2025-02-09T06:48:59.717Z\",\"updatedBy\":\"8c323b3a-5f91-4237-999d-ee2c0969be7e\",\"isSystemField\":false,\"isAttachment\":false,\"isRbacEnabled\":false,\"isModelReserved\":false,\"isVirtualField\":false},{\"id\":\"1759d856-2ae4-ef11-88f8-002248a13f40\",\"name\":\"MessageFile\",\"isPrimaryKey\":false,\"isForeignKey\":true,\"isUnique\":false,\"referenceName\":\"fk_MessageFile_925d0d79-ddf7-4e6d-875b-969a8d35a851\",\"referenceEntity\":{\"name\":\"EntityAttachment\",\"displayName\":\"EntityAttachment\",\"entityTypeId\":2,\"entityType\":\"InternalEntity\",\"isRbacEnabled\":false,\"invalidIdentifiers\":[],\"isModelReserved\":false,\"id\":\"54d509ef-29e4-ef11-88f8-002248a13f40\"},\"referenceField\":{\"id\":\"9d3d09d3-8c72-44d8-bc97-3cf5c20371f0\",\"definition\":{\"name\":\"Name\",\"isPrimaryKey\":false,\"isForeignKey\":false,\"isUnique\":false,\"referenceType\":\"ManyToOne\",\"sqlType\":{\"name\":\"NVARCHAR\",\"lengthLimit\":4000},\"isRequired\":false,\"displayName\":\"Name\",\"createTime\":\"2025-02-22T15:04:21.2877521Z\",\"updateTime\":\"2025-02-22T15:04:21.2877521Z\",\"isSystemField\":false,\"isAttachment\":false,\"isRbacEnabled\":false,\"isModelReserved\":false,\"isVirtualField\":false}},\"referenceType\":\"ManyToOne\",\"sqlType\":{\"name\":\"UNIQUEIDENTIFIER\"},\"isRequired\":false,\"displayName\":\"MessageFile\",\"description\":\"\",\"createTime\":\"2025-02-06T01:33:17.86Z\",\"createdBy\":\"b522eb58-2f50-4ed9-8623-51f495e0c3c1\",\"updateTime\":\"2025-02-06T01:33:17.86Z\",\"updatedBy\":\"b522eb58-2f50-4ed9-8623-51f495e0c3c1\",\"isSystemField\":false,\"fieldDisplayType\":\"File\",\"isAttachment\":true,\"isRbacEnabled\":false,\"isModelReserved\":false,\"isVirtualField\":false},{\"id\":\"9326e4f4-b1e6-ef11-90cb-002248a1377f\",\"name\":\"MessageFileName\",\"isPrimaryKey\":false,\"isForeignKey\":false,\"isUnique\":false,\"referenceType\":\"ManyToOne\",\"sqlType\":{\"name\":\"NVARCHAR\",\"lengthLimit\":200},\"isRequired\":false,\"displayName\":\"MessageFileName\",\"description\":\"\",\"createTime\":\"2025-02-09T06:49:07.387Z\",\"createdBy\":\"8c323b3a-5f91-4237-999d-ee2c0969be7e\",\"updateTime\":\"2025-02-09T06:49:07.387Z\",\"updatedBy\":\"8c323b3a-5f91-4237-999d-ee2c0969be7e\",\"isSystemField\":false,\"isAttachment\":false,\"isRbacEnabled\":false,\"isModelReserved\":false,\"isVirtualField\":false},{\"id\":\"e9051f8c-29e4-ef11-88f8-002248a13f40\",\"name\":\"Name\",\"isPrimaryKey\":false,\"isForeignKey\":false,\"isUnique\":false,\"referenceType\":\"ManyToOne\",\"sqlType\":{\"name\":\"NVARCHAR\",\"lengthLimit\":200},\"isRequired\":true,\"displayName\":\"Name\",\"description\":\"\",\"createTime\":\"2025-02-06T01:27:37.75Z\",\"createdBy\":\"b522eb58-2f50-4ed9-8623-51f495e0c3c1\",\"updateTime\":\"2025-02-06T01:27:37.75Z\",\"updatedBy\":\"b522eb58-2f50-4ed9-8623-51f495e0c3c1\",\"isSystemField\":false,\"isAttachment\":false,\"isRbacEnabled\":false,\"isModelReserved\":false,\"isVirtualField\":false},{\"id\":\"2406951f-ef28-42df-b1ab-725c15493a4e\",\"name\":\"UpdatedBy\",\"isPrimaryKey\":false,\"isForeignKey\":true,\"isUnique\":false,\"referenceName\":\"fk_UpdatedBy_9ba6d462-3ff5-444e-8a5a-4361c0530fef\",\"referenceEntity\":{\"name\":\"SystemUser\",\"displayName\":\"System Users\",\"entityTypeId\":3,\"entityType\":\"SystemEntity\",\"isRbacEnabled\":false,\"invalidIdentifiers\":[],\"isModelReserved\":false,\"id\":\"7bd9f725-61e1-ef11-88f8-002248a1377f\"},\"referenceField\":{\"id\":\"7f9e1476-68e8-4d0c-8993-dc9c285da959\",\"definition\":{\"name\":\"Name\",\"isPrimaryKey\":false,\"isForeignKey\":false,\"isUnique\":false,\"referenceType\":\"ManyToOne\",\"sqlType\":{\"name\":\"NVARCHAR\",\"lengthLimit\":512},\"isRequired\":false,\"displayName\":\"Name\",\"createTime\":\"2025-02-22T15:04:21.287754Z\",\"updateTime\":\"2025-02-22T15:04:21.2877541Z\",\"isSystemField\":false,\"isAttachment\":false,\"isRbacEnabled\":false,\"isModelReserved\":false,\"isVirtualField\":false}},\"referenceType\":\"ManyToOne\",\"sqlType\":{\"name\":\"UNIQUEIDENTIFIER\"},\"isRequired\":false,\"displayName\":\"UpdatedBy\",\"description\":\"System built-in field\",\"createTime\":\"2025-02-06T01:20:18.033Z\",\"createdBy\":\"b522eb58-2f50-4ed9-8623-51f495e0c3c1\",\"updateTime\":\"2025-02-06T01:20:18.033Z\",\"isSystemField\":true,\"fieldDisplayType\":\"Relationship\",\"isAttachment\":false,\"isRbacEnabled\":false,\"isModelReserved\":false,\"isVirtualField\":false},{\"id\":\"ad20d5f0-f922-4a10-be28-490e5d1d3507\",\"name\":\"UpdateTime\",\"isPrimaryKey\":false,\"isForeignKey\":false,\"isUnique\":false,\"referenceType\":\"ManyToOne\",\"sqlType\":{\"name\":\"DATETIMEOFFSET\"},\"isRequired\":false,\"displayName\":\"UpdateTime\",\"description\":\"System built-in field\",\"createTime\":\"2025-02-06T01:20:18.033Z\",\"createdBy\":\"b522eb58-2f50-4ed9-8623-51f495e0c3c1\",\"updateTime\":\"2025-02-06T01:20:18.033Z\",\"isSystemField\":true,\"isAttachment\":false,\"isRbacEnabled\":false,\"isModelReserved\":false,\"isVirtualField\":false}],\"recordCount\":9,\"storageSizeInMB\":0.140625,\"usedStorageSizeInMB\":0.03125,\"isRbacEnabled\":false,\"invalidIdentifiers\":[],\"isModelReserved\":false,\"id\":\"d595f585-28e4-ef11-88f8-002248a13f40\",\"createdBy\":\"b522eb58-2f50-4ed9-8623-51f495e0c3c1\",\"createTime\":\"2025-02-06T01:20:17.91Z\",\"updateTime\":\"2025-02-22T14:13:44.79Z\",\"updatedBy\":\"8c323b3a-5f91-4237-999d-ee2c0969be7e\"},{\"name\":\"FilterData\",\"displayName\":\"Filter Data\",\"entityTypeId\":0,\"entityType\":\"Entity\",\"description\":\"\",\"fields\":[{\"id\":\"3590f764-27f1-ef11-90cb-002248a1377f\",\"name\":\"automationProcessId\",\"isPrimaryKey\":false,\"isForeignKey\":true,\"isUnique\":false,\"referenceName\":\"fk_automationProcessId_253b8266-69ae-43cc-9a34-514154a14424\",\"referenceEntity\":{\"name\":\"AutomationProject\",\"displayName\":\"Automation Project\",\"entityTypeId\":0,\"entityType\":\"Entity\",\"isRbacEnabled\":false,\"invalidIdentifiers\":[],\"isModelReserved\":false,\"id\":\"d595f585-28e4-ef11-88f8-002248a13f40\"},\"referenceField\":{\"id\":\"3f0d162c-8376-4096-b353-b0b05fc6fd7b\",\"definition\":{\"name\":\"Id\",\"isPrimaryKey\":false,\"isForeignKey\":false,\"isUnique\":false,\"referenceType\":\"ManyToOne\",\"sqlType\":{\"name\":\"UNIQUEIDENTIFIER\"},\"isRequired\":false,\"displayName\":\"Id\",\"createTime\":\"2025-02-22T15:04:21.2877562Z\",\"updateTime\":\"2025-02-22T15:04:21.2877562Z\",\"isSystemField\":false,\"isAttachment\":false,\"isRbacEnabled\":false,\"isModelReserved\":false,\"isVirtualField\":false}},\"referenceType\":\"ManyToOne\",\"sqlType\":{\"name\":\"UNIQUEIDENTIFIER\",\"lengthLimit\":200},\"isRequired\":true,\"displayName\":\"automationProcessId\",\"description\":\"\",\"createTime\":\"2025-02-22T14:14:58.167Z\",\"createdBy\":\"8c323b3a-5f91-4237-999d-ee2c0969be7e\",\"updateTime\":\"2025-02-22T14:14:58.167Z\",\"updatedBy\":\"8c323b3a-5f91-4237-999d-ee2c0969be7e\",\"isSystemField\":false,\"fieldDisplayType\":\"Relationship\",\"isAttachment\":false,\"isRbacEnabled\":false,\"isModelReserved\":false,\"isVirtualField\":false},{\"id\":\"5cfcd561-27e6-ef11-90cb-002248a1377f\",\"name\":\"ColumnName\",\"isPrimaryKey\":false,\"isForeignKey\":false,\"isUnique\":false,\"referenceType\":\"ManyToOne\",\"sqlType\":{\"name\":\"NVARCHAR\",\"lengthLimit\":200},\"isRequired\":false,\"displayName\":\"ColumnName\",\"description\":\"\",\"createTime\":\"2025-02-08T14:17:19.897Z\",\"createdBy\":\"8c323b3a-5f91-4237-999d-ee2c0969be7e\",\"updateTime\":\"2025-02-08T14:17:49.49Z\",\"updatedBy\":\"8c323b3a-5f91-4237-999d-ee2c0969be7e\",\"isSystemField\":false,\"isAttachment\":false,\"isRbacEnabled\":false,\"isModelReserved\":false,\"isVirtualField\":false},{\"id\":\"32c4af62-000f-407d-ac8f-b21443ac0778\",\"name\":\"CreatedBy\",\"isPrimaryKey\":false,\"isForeignKey\":true,\"isUnique\":false,\"referenceName\":\"fk_CreatedBy_edacc9b0-79da-4cdc-921f-757612776592\",\"referenceEntity\":{\"name\":\"SystemUser\",\"displayName\":\"System Users\",\"entityTypeId\":3,\"entityType\":\"SystemEntity\",\"isRbacEnabled\":false,\"invalidIdentifiers\":[],\"isModelReserved\":false,\"id\":\"7bd9f725-61e1-ef11-88f8-002248a1377f\"},\"referenceField\":{\"id\":\"7f9e1476-68e8-4d0c-8993-dc9c285da959\",\"definition\":{\"name\":\"Name\",\"isPrimaryKey\":false,\"isForeignKey\":false,\"isUnique\":false,\"referenceType\":\"ManyToOne\",\"sqlType\":{\"name\":\"NVARCHAR\",\"lengthLimit\":512},\"isRequired\":false,\"displayName\":\"Name\",\"createTime\":\"2025-02-22T15:04:21.2877571Z\",\"updateTime\":\"2025-02-22T15:04:21.2877572Z\",\"isSystemField\":false,\"isAttachment\":false,\"isRbacEnabled\":false,\"isModelReserved\":false,\"isVirtualField\":false}},\"referenceType\":\"ManyToOne\",\"sqlType\":{\"name\":\"UNIQUEIDENTIFIER\"},\"isRequired\":true,\"displayName\":\"CreatedBy\",\"description\":\"System built-in field\",\"createTime\":\"2025-02-08T14:15:06.587Z\",\"createdBy\":\"8c323b3a-5f91-4237-999d-ee2c0969be7e\",\"updateTime\":\"2025-02-08T14:15:06.587Z\",\"isSystemField\":true,\"fieldDisplayType\":\"Relationship\",\"isAttachment\":false,\"isRbacEnabled\":false,\"isModelReserved\":false,\"isVirtualField\":false},{\"id\":\"555ca111-4180-4e81-a252-591e3ad66e25\",\"name\":\"CreateTime\",\"isPrimaryKey\":false,\"isForeignKey\":false,\"isUnique\":false,\"referenceType\":\"ManyToOne\",\"sqlType\":{\"name\":\"DATETIMEOFFSET\"},\"isRequired\":true,\"displayName\":\"CreateTime\",\"description\":\"System built-in field\",\"createTime\":\"2025-02-08T14:15:06.587Z\",\"createdBy\":\"8c323b3a-5f91-4237-999d-ee2c0969be7e\",\"updateTime\":\"2025-02-08T14:15:06.587Z\",\"isSystemField\":true,\"isAttachment\":false,\"isRbacEnabled\":false,\"isModelReserved\":false,\"isVirtualField\":false},{\"id\":\"bf98b06b-27e6-ef11-90cb-002248a1377f\",\"name\":\"Expression\",\"isPrimaryKey\":false,\"isForeignKey\":false,\"isUnique\":false,\"referenceType\":\"ManyToOne\",\"sqlType\":{\"name\":\"NVARCHAR\",\"lengthLimit\":200},\"isRequired\":false,\"displayName\":\"Expression\",\"description\":\"\",\"createTime\":\"2025-02-08T14:17:26.657Z\",\"createdBy\":\"8c323b3a-5f91-4237-999d-ee2c0969be7e\",\"updateTime\":\"2025-02-08T14:17:26.657Z\",\"updatedBy\":\"8c323b3a-5f91-4237-999d-ee2c0969be7e\",\"isSystemField\":false,\"isAttachment\":false,\"isRbacEnabled\":false,\"isModelReserved\":false,\"isVirtualField\":false},{\"id\":\"bb1d9473-27e6-ef11-90cb-002248a1377f\",\"name\":\"FilterValue\",\"isPrimaryKey\":false,\"isForeignKey\":false,\"isUnique\":false,\"referenceType\":\"ManyToOne\",\"sqlType\":{\"name\":\"NVARCHAR\",\"lengthLimit\":200},\"isRequired\":false,\"displayName\":\"FilterValue\",\"description\":\"\",\"createTime\":\"2025-02-08T14:17:39.9Z\",\"createdBy\":\"8c323b3a-5f91-4237-999d-ee2c0969be7e\",\"updateTime\":\"2025-02-08T14:17:39.9Z\",\"updatedBy\":\"8c323b3a-5f91-4237-999d-ee2c0969be7e\",\"isSystemField\":false,\"isAttachment\":false,\"isRbacEnabled\":false,\"isModelReserved\":false,\"isVirtualField\":false},{\"id\":\"e628125d-2d3b-4255-930a-27ae9bf08983\",\"name\":\"Id\",\"isPrimaryKey\":true,\"isForeignKey\":false,\"isUnique\":false,\"referenceType\":\"ManyToOne\",\"sqlType\":{\"name\":\"UNIQUEIDENTIFIER\"},\"isRequired\":true,\"displayName\":\"Id\",\"description\":\"System built-in field\",\"createTime\":\"2025-02-08T14:15:06.587Z\",\"createdBy\":\"8c323b3a-5f91-4237-999d-ee2c0969be7e\",\"updateTime\":\"2025-02-08T14:15:06.587Z\",\"isSystemField\":true,\"isAttachment\":false,\"isRbacEnabled\":false,\"isModelReserved\":false,\"isVirtualField\":false},{\"id\":\"5bfcd561-27e6-ef11-90cb-002248a1377f\",\"name\":\"ProcessId\",\"isPrimaryKey\":false,\"isForeignKey\":false,\"isUnique\":false,\"referenceType\":\"ManyToOne\",\"sqlType\":{\"name\":\"NVARCHAR\",\"lengthLimit\":200},\"isRequired\":true,\"displayName\":\"ProcessId\",\"description\":\"\",\"createTime\":\"2025-02-08T14:17:10.133Z\",\"createdBy\":\"8c323b3a-5f91-4237-999d-ee2c0969be7e\",\"updateTime\":\"2025-02-08T14:17:10.133Z\",\"updatedBy\":\"8c323b3a-5f91-4237-999d-ee2c0969be7e\",\"isSystemField\":false,\"isAttachment\":false,\"isRbacEnabled\":false,\"isModelReserved\":false,\"isVirtualField\":false},{\"id\":\"26b670b4-cf86-4a24-99a7-f0dbcd06bef2\",\"name\":\"UpdatedBy\",\"isPrimaryKey\":false,\"isForeignKey\":true,\"isUnique\":false,\"referenceName\":\"fk_UpdatedBy_a554eeb8-d0ca-4fc9-88cf-8019060282db\",\"referenceEntity\":{\"name\":\"SystemUser\",\"displayName\":\"System Users\",\"entityTypeId\":3,\"entityType\":\"SystemEntity\",\"isRbacEnabled\":false,\"invalidIdentifiers\":[],\"isModelReserved\":false,\"id\":\"7bd9f725-61e1-ef11-88f8-002248a1377f\"},\"referenceField\":{\"id\":\"7f9e1476-68e8-4d0c-8993-dc9c285da959\",\"definition\":{\"name\":\"Name\",\"isPrimaryKey\":false,\"isForeignKey\":false,\"isUnique\":false,\"referenceType\":\"ManyToOne\",\"sqlType\":{\"name\":\"NVARCHAR\",\"lengthLimit\":512},\"isRequired\":false,\"displayName\":\"Name\",\"createTime\":\"2025-02-22T15:04:21.2877605Z\",\"updateTime\":\"2025-02-22T15:04:21.2877606Z\",\"isSystemField\":false,\"isAttachment\":false,\"isRbacEnabled\":false,\"isModelReserved\":false,\"isVirtualField\":false}},\"referenceType\":\"ManyToOne\",\"sqlType\":{\"name\":\"UNIQUEIDENTIFIER\"},\"isRequired\":false,\"displayName\":\"UpdatedBy\",\"description\":\"System built-in field\",\"createTime\":\"2025-02-08T14:15:06.587Z\",\"createdBy\":\"8c323b3a-5f91-4237-999d-ee2c0969be7e\",\"updateTime\":\"2025-02-08T14:15:06.587Z\",\"isSystemField\":true,\"fieldDisplayType\":\"Relationship\",\"isAttachment\":false,\"isRbacEnabled\":false,\"isModelReserved\":false,\"isVirtualField\":false},{\"id\":\"2402a06a-0dfc-423a-9887-537a1a6e96a7\",\"name\":\"UpdateTime\",\"isPrimaryKey\":false,\"isForeignKey\":false,\"isUnique\":false,\"referenceType\":\"ManyToOne\",\"sqlType\":{\"name\":\"DATETIMEOFFSET\"},\"isRequired\":false,\"displayName\":\"UpdateTime\",\"description\":\"System built-in field\",\"createTime\":\"2025-02-08T14:15:06.587Z\",\"createdBy\":\"8c323b3a-5f91-4237-999d-ee2c0969be7e\",\"updateTime\":\"2025-02-08T14:15:06.587Z\",\"isSystemField\":true,\"isAttachment\":false,\"isRbacEnabled\":false,\"isModelReserved\":false,\"isVirtualField\":false}],\"recordCount\":35,\"storageSizeInMB\":0.140625,\"usedStorageSizeInMB\":0.03125,\"isRbacEnabled\":false,\"invalidIdentifiers\":[],\"isModelReserved\":false,\"id\":\"9af72918-27e6-ef11-90cb-002248a1377f\",\"createdBy\":\"8c323b3a-5f91-4237-999d-ee2c0969be7e\",\"createTime\":\"2025-02-08T14:15:06.533Z\",\"updateTime\":\"2025-02-22T14:14:58.163Z\",\"updatedBy\":\"8c323b3a-5f91-4237-999d-ee2c0969be7e\"},{\"name\":\"SystemUser\",\"displayName\":\"System Users\",\"entityTypeId\":3,\"entityType\":\"SystemEntity\",\"description\":\"Contains Automation Cloud users and groups that have ever had roles assigned, or accessed Data Service\",\"fields\":[{\"id\":\"ce8464b0-cba5-4f24-92dc-18993d93cb7a\",\"name\":\"CreateTime\",\"isPrimaryKey\":false,\"isForeignKey\":false,\"isUnique\":false,\"referenceType\":\"ManyToOne\",\"sqlType\":{\"name\":\"DATETIMEOFFSET\"},\"isRequired\":true,\"displayName\":\"CreateTime\",\"description\":\"System built-in field\",\"createTime\":\"2025-02-02T12:28:04.937Z\",\"createdBy\":\"8c323b3a-5f91-4237-999d-ee2c0969be7e\",\"updateTime\":\"2025-02-02T12:28:04.937Z\",\"isSystemField\":true,\"isAttachment\":false,\"isRbacEnabled\":false,\"isModelReserved\":false,\"isVirtualField\":false},{\"id\":\"d4730dd2-561f-404c-877b-111441836bc0\",\"name\":\"Email\",\"isPrimaryKey\":false,\"isForeignKey\":false,\"isUnique\":false,\"referenceType\":\"ManyToOne\",\"sqlType\":{\"name\":\"NVARCHAR\",\"lengthLimit\":512},\"isRequired\":false,\"displayName\":\"E-mail\",\"description\":\"System built-in field\",\"createTime\":\"2025-02-02T12:28:04.937Z\",\"createdBy\":\"8c323b3a-5f91-4237-999d-ee2c0969be7e\",\"updateTime\":\"2025-02-02T12:28:04.937Z\",\"isSystemField\":true,\"isAttachment\":false,\"isRbacEnabled\":false,\"isModelReserved\":false,\"isVirtualField\":false},{\"id\":\"ee458565-22be-4d1e-849d-f0eea8920222\",\"name\":\"Id\",\"isPrimaryKey\":true,\"isForeignKey\":false,\"isUnique\":false,\"referenceType\":\"ManyToOne\",\"sqlType\":{\"name\":\"UNIQUEIDENTIFIER\"},\"isRequired\":true,\"displayName\":\"Id\",\"description\":\"System built-in field\",\"createTime\":\"2025-02-02T12:28:04.937Z\",\"createdBy\":\"8c323b3a-5f91-4237-999d-ee2c0969be7e\",\"updateTime\":\"2025-02-02T12:28:04.937Z\",\"isSystemField\":true,\"isAttachment\":false,\"isRbacEnabled\":false,\"isModelReserved\":false,\"isVirtualField\":false},{\"id\":\"6056b74a-e7c8-4d59-a283-afc9b33187fc\",\"name\":\"IsActive\",\"isPrimaryKey\":false,\"isForeignKey\":false,\"isUnique\":false,\"referenceType\":\"ManyToOne\",\"sqlType\":{\"name\":\"BIT\"},\"isRequired\":true,\"displayName\":\"IsActive\",\"description\":\"System built-in field\",\"createTime\":\"2025-02-02T12:28:04.937Z\",\"createdBy\":\"8c323b3a-5f91-4237-999d-ee2c0969be7e\",\"updateTime\":\"2025-02-02T12:28:04.937Z\",\"isSystemField\":true,\"isAttachment\":false,\"isRbacEnabled\":false,\"isModelReserved\":false,\"isVirtualField\":false},{\"id\":\"7f9e1476-68e8-4d0c-8993-dc9c285da959\",\"name\":\"Name\",\"isPrimaryKey\":false,\"isForeignKey\":false,\"isUnique\":false,\"referenceType\":\"ManyToOne\",\"sqlType\":{\"name\":\"NVARCHAR\",\"lengthLimit\":512},\"isRequired\":true,\"displayName\":\"Name\",\"description\":\"System built-in field\",\"createTime\":\"2025-02-02T12:28:04.937Z\",\"createdBy\":\"8c323b3a-5f91-4237-999d-ee2c0969be7e\",\"updateTime\":\"2025-02-02T12:28:04.937Z\",\"isSystemField\":true,\"isAttachment\":false,\"isRbacEnabled\":false,\"isModelReserved\":false,\"isVirtualField\":false},{\"id\":\"43b87dd8-a08d-49c7-9ddc-ef2a3340a484\",\"name\":\"Type\",\"isPrimaryKey\":false,\"isForeignKey\":false,\"isUnique\":false,\"referenceChoiceSet\":{\"name\":\"UserType\",\"entityTypeId\":0,\"entityType\":\"Entity\",\"isRbacEnabled\":false,\"invalidIdentifiers\":[],\"isModelReserved\":false},\"referenceType\":\"ManyToOne\",\"sqlType\":{\"name\":\"INT\",\"maxValue\":9007199254740991.0,\"minValue\":-9007199254740991.0},\"isRequired\":true,\"displayName\":\"Type\",\"description\":\"System built-in field\",\"createTime\":\"2025-02-02T12:28:04.937Z\",\"createdBy\":\"8c323b3a-5f91-4237-999d-ee2c0969be7e\",\"updateTime\":\"2025-02-02T12:28:04.937Z\",\"isSystemField\":true,\"fieldDisplayType\":\"ChoiceSetSingle\",\"choiceSetId\":\"74d9f725-61e1-ef11-88f8-002248a1377f\",\"isAttachment\":false,\"isRbacEnabled\":false,\"isModelReserved\":false,\"isVirtualField\":false},{\"id\":\"145a0572-9309-445d-8b56-fd03ea7e3d6f\",\"name\":\"UpdateTime\",\"isPrimaryKey\":false,\"isForeignKey\":false,\"isUnique\":false,\"referenceType\":\"ManyToOne\",\"sqlType\":{\"name\":\"DATETIMEOFFSET\"},\"isRequired\":false,\"displayName\":\"UpdateTime\",\"description\":\"System built-in field\",\"createTime\":\"2025-02-02T12:28:04.937Z\",\"createdBy\":\"8c323b3a-5f91-4237-999d-ee2c0969be7e\",\"updateTime\":\"2025-02-02T12:28:04.937Z\",\"isSystemField\":true,\"isAttachment\":false,\"isRbacEnabled\":false,\"isModelReserved\":false,\"isVirtualField\":false}],\"recordCount\":9,\"storageSizeInMB\":0.070312,\"usedStorageSizeInMB\":0.015625,\"isRbacEnabled\":false,\"invalidIdentifiers\":[],\"isModelReserved\":false,\"id\":\"7bd9f725-61e1-ef11-88f8-002248a1377f\",\"createdBy\":\"8c323b3a-5f91-4237-999d-ee2c0969be7e\",\"createTime\":\"2025-02-02T12:28:04.88Z\",\"updateTime\":\"2025-02-02T12:28:04.88Z\",\"updatedBy\":\"8c323b3a-5f91-4237-999d-ee2c0969be7e\"}],\"choicesets\":[{\"id\":\"74d9f725-61e1-ef11-88f8-002248a1377f\",\"name\":\"UserType\",\"displayName\":\"User Type\",\"description\":\"Denotes the type of user record in the System User entity\",\"createdBy\":\"8c323b3a-5f91-4237-999d-ee2c0969be7e\",\"createTime\":\"2025-02-02T12:28:04.687Z\",\"updateTime\":\"2025-02-02T12:28:04.687Z\",\"updatedBy\":\"8c323b3a-5f91-4237-999d-ee2c0969be7e\",\"isModelReserved\":false,\"data\":[{\"DisplayName\":\"Group\",\"Name\":\"Group\",\"NumberId\":1},{\"DisplayName\":\"Robot\",\"Name\":\"Robot\",\"NumberId\":2},{\"DisplayName\":\"Application\",\"Name\":\"Application\",\"NumberId\":3},{\"DisplayName\":\"User\",\"Name\":\"User\",\"NumberId\":0}]}]}"
      },
      "EntityAssemblyKey": {
        "Name": "DataService.FilterData",
        "Hash": null,
        "AssemblyName": "DataService.FilterData"
      }
    }
  ]
}