{
  "StoreUrl": "https://cloud.uipath.com/uipatlmtbriz/DefaultTenant/dataservice_/entities",
  "Entities": [
    {
      "Id": "617fffca-03e5-ef11-90cb-002248a1377f",
      "Name": "AppUser",
      "DisplayName": "App User",
      "Description": "",
      "CreateTime": "2025-02-07T03:29:53.51Z",
      "UpdateTime": "2025-02-07T03:39:54.513Z",
      "Fields": [
        {
          "Id": "6816d417-c1d5-435f-978f-9a534602e2c0",
          "Name": "CreatedBy",
          "DisplayName": "CreatedBy",
          "Description": "System built-in field",
          "CreateTime": "2025-02-07T03:29:53.563Z",
          "UpdateTime": "2025-02-07T03:29:53.563Z",
          "SqlType": {
            "Name": "UNIQUEIDENTIFIER",
            "LengthLimit": null,
            "MaxValue": null,
            "MinValue": null,
            "DecimalPrecision": null
          },
          "IsSystemField": true,
          "IsRequired": true,
          "ReferenceEntity": {
            "Name": "SystemUser"
          },
          "ReferenceType": "ManyToOne",
          "FieldDisplayType": "Relationship",
          "ReferenceChoiceSet": null,
          "IsAttachment": false
        },
        {
          "Id": "be602982-db18-4230-a364-ee5bc0776736",
          "Name": "CreateTime",
          "DisplayName": "CreateTime",
          "Description": "System built-in field",
          "CreateTime": "2025-02-07T03:29:53.563Z",
          "UpdateTime": "2025-02-07T03:29:53.563Z",
          "SqlType": {
            "Name": "DATETIMEOFFSET",
            "LengthLimit": null,
            "MaxValue": null,
            "MinValue": null,
            "DecimalPrecision": null
          },
          "IsSystemField": true,
          "IsRequired": true,
          "ReferenceEntity": null,
          "ReferenceType": "ManyToOne",
          "FieldDisplayType": "Basic",
          "ReferenceChoiceSet": null,
          "IsAttachment": false
        },
        {
          "Id": "ded93631-05e5-ef11-90cb-002248a1377f",
          "Name": "Email",
          "DisplayName": "Email",
          "Description": "",
          "CreateTime": "2025-02-07T03:39:54.503Z",
          "UpdateTime": "2025-02-07T03:39:54.503Z",
          "SqlType": {
            "Name": "NVARCHAR",
            "LengthLimit": 200,
            "MaxValue": null,
            "MinValue": null,
            "DecimalPrecision": null
          },
          "IsSystemField": false,
          "IsRequired": true,
          "ReferenceEntity": null,
          "ReferenceType": "ManyToOne",
          "FieldDisplayType": "Basic",
          "ReferenceChoiceSet": null,
          "IsAttachment": false
        },
        {
          "Id": "3a6bd530-b4b5-404f-a9df-cc0fd8ef2739",
          "Name": "Id",
          "DisplayName": "Id",
          "Description": "System built-in field",
          "CreateTime": "2025-02-07T03:29:53.563Z",
          "UpdateTime": "2025-02-07T03:29:53.563Z",
          "SqlType": {
            "Name": "UNIQUEIDENTIFIER",
            "LengthLimit": null,
            "MaxValue": null,
            "MinValue": null,
            "DecimalPrecision": null
          },
          "IsSystemField": true,
          "IsRequired": true,
          "ReferenceEntity": null,
          "ReferenceType": "ManyToOne",
          "FieldDisplayType": "Basic",
          "ReferenceChoiceSet": null,
          "IsAttachment": false
        },
        {
          "Id": "3c3276e4-03e5-ef11-90cb-002248a1377f",
          "Name": "Password",
          "DisplayName": "Password",
          "Description": "",
          "CreateTime": "2025-02-07T03:30:36.23Z",
          "UpdateTime": "2025-02-07T03:30:36.23Z",
          "SqlType": {
            "Name": "NVARCHAR",
            "LengthLimit": 200,
            "MaxValue": null,
            "MinValue": null,
            "DecimalPrecision": null
          },
          "IsSystemField": false,
          "IsRequired": true,
          "ReferenceEntity": null,
          "ReferenceType": "ManyToOne",
          "FieldDisplayType": "Basic",
          "ReferenceChoiceSet": null,
          "IsAttachment": false
        },
        {
          "Id": "25afbc97-a527-43bb-acde-c306ea69f3c2",
          "Name": "UpdatedBy",
          "DisplayName": "UpdatedBy",
          "Description": "System built-in field",
          "CreateTime": "2025-02-07T03:29:53.563Z",
          "UpdateTime": "2025-02-07T03:29:53.563Z",
          "SqlType": {
            "Name": "UNIQUEIDENTIFIER",
            "LengthLimit": null,
            "MaxValue": null,
            "MinValue": null,
            "DecimalPrecision": null
          },
          "IsSystemField": true,
          "IsRequired": false,
          "ReferenceEntity": {
            "Name": "SystemUser"
          },
          "ReferenceType": "ManyToOne",
          "FieldDisplayType": "Relationship",
          "ReferenceChoiceSet": null,
          "IsAttachment": false
        },
        {
          "Id": "e5ab40c1-66cc-496a-9111-c87cee9e2f84",
          "Name": "UpdateTime",
          "DisplayName": "UpdateTime",
          "Description": "System built-in field",
          "CreateTime": "2025-02-07T03:29:53.563Z",
          "UpdateTime": "2025-02-07T03:29:53.563Z",
          "SqlType": {
            "Name": "DATETIMEOFFSET",
            "LengthLimit": null,
            "MaxValue": null,
            "MinValue": null,
            "DecimalPrecision": null
          },
          "IsSystemField": true,
          "IsRequired": false,
          "ReferenceEntity": null,
          "ReferenceType": "ManyToOne",
          "FieldDisplayType": "Basic",
          "ReferenceChoiceSet": null,
          "IsAttachment": false
        },
        {
          "Id": "c23c7fd7-03e5-ef11-90cb-002248a1377f",
          "Name": "Username",
          "DisplayName": "Username",
          "Description": "",
          "CreateTime": "2025-02-07T03:30:14.487Z",
          "UpdateTime": "2025-02-07T03:30:14.487Z",
          "SqlType": {
            "Name": "NVARCHAR",
            "LengthLimit": 200,
            "MaxValue": null,
            "MinValue": null,
            "DecimalPrecision": null
          },
          "IsSystemField": false,
          "IsRequired": true,
          "ReferenceEntity": null,
          "ReferenceType": "ManyToOne",
          "FieldDisplayType": "Basic",
          "ReferenceChoiceSet": null,
          "IsAttachment": false
        }
      ],
      "RecordCount": 5,
      "EntityType": "Entity"
    },
    {
      "Id": "a2901ebf-5ce4-ef11-88f8-002248a13f40",
      "Name": "AutomationHistory",
      "DisplayName": "Automation History",
      "Description": "",
      "CreateTime": "2025-02-06T07:34:07.633Z",
      "UpdateTime": "2025-02-28T15:22:39.777Z",
      "Fields": [
        {
          "Id": "b6e94f7e-2d0c-45ab-8502-c1bbfa32c2fe",
          "Name": "CreatedBy",
          "DisplayName": "CreatedBy",
          "Description": "System built-in field",
          "CreateTime": "2025-02-06T07:34:07.69Z",
          "UpdateTime": "2025-02-06T07:34:07.69Z",
          "SqlType": {
            "Name": "UNIQUEIDENTIFIER",
            "LengthLimit": null,
            "MaxValue": null,
            "MinValue": null,
            "DecimalPrecision": null
          },
          "IsSystemField": true,
          "IsRequired": true,
          "ReferenceEntity": {
            "Name": "SystemUser"
          },
          "ReferenceType": "ManyToOne",
          "FieldDisplayType": "Relationship",
          "ReferenceChoiceSet": null,
          "IsAttachment": false
        },
        {
          "Id": "d9d580a0-db0c-431b-ac6d-3afdbffa5305",
          "Name": "CreateTime",
          "DisplayName": "CreateTime",
          "Description": "System built-in field",
          "CreateTime": "2025-02-06T07:34:07.69Z",
          "UpdateTime": "2025-02-06T07:34:07.69Z",
          "SqlType": {
            "Name": "DATETIMEOFFSET",
            "LengthLimit": null,
            "MaxValue": null,
            "MinValue": null,
            "DecimalPrecision": null
          },
          "IsSystemField": true,
          "IsRequired": true,
          "ReferenceEntity": null,
          "ReferenceType": "ManyToOne",
          "FieldDisplayType": "Basic",
          "ReferenceChoiceSet": null,
          "IsAttachment": false
        },
        {
          "Id": "47b88bda-f9b3-418f-8781-6ff7f4b6b253",
          "Name": "Id",
          "DisplayName": "Id",
          "Description": "System built-in field",
          "CreateTime": "2025-02-06T07:34:07.69Z",
          "UpdateTime": "2025-02-06T07:34:07.69Z",
          "SqlType": {
            "Name": "UNIQUEIDENTIFIER",
            "LengthLimit": null,
            "MaxValue": null,
            "MinValue": null,
            "DecimalPrecision": null
          },
          "IsSystemField": true,
          "IsRequired": true,
          "ReferenceEntity": null,
          "ReferenceType": "ManyToOne",
          "FieldDisplayType": "Basic",
          "ReferenceChoiceSet": null,
          "IsAttachment": false
        },
        {
          "Id": "ee14bd8f-5de4-ef11-88f8-002248a13f40",
          "Name": "LastRun",
          "DisplayName": "LastRun",
          "Description": "",
          "CreateTime": "2025-02-06T07:39:57.637Z",
          "UpdateTime": "2025-02-06T07:39:57.637Z",
          "SqlType": {
            "Name": "DATETIMEOFFSET",
            "LengthLimit": 200,
            "MaxValue": null,
            "MinValue": null,
            "DecimalPrecision": null
          },
          "IsSystemField": false,
          "IsRequired": true,
          "ReferenceEntity": null,
          "ReferenceType": "ManyToOne",
          "FieldDisplayType": "Basic",
          "ReferenceChoiceSet": null,
          "IsAttachment": false
        },
        {
          "Id": "847c15dc-5ce4-ef11-88f8-002248a13f40",
          "Name": "Process",
          "DisplayName": "Process",
          "Description": "",
          "CreateTime": "2025-02-06T07:34:56.227Z",
          "UpdateTime": "2025-02-06T07:34:56.227Z",
          "SqlType": {
            "Name": "NVARCHAR",
            "LengthLimit": 200,
            "MaxValue": null,
            "MinValue": null,
            "DecimalPrecision": null
          },
          "IsSystemField": false,
          "IsRequired": true,
          "ReferenceEntity": null,
          "ReferenceType": "ManyToOne",
          "FieldDisplayType": "Basic",
          "ReferenceChoiceSet": null,
          "IsAttachment": false
        },
        {
          "Id": "60cb0e00-5ee4-ef11-88f8-002248a13f40",
          "Name": "ReportFile",
          "DisplayName": "ReportFile",
          "Description": "",
          "CreateTime": "2025-02-06T07:43:06.07Z",
          "UpdateTime": "2025-02-06T07:43:06.07Z",
          "SqlType": {
            "Name": "UNIQUEIDENTIFIER",
            "LengthLimit": null,
            "MaxValue": null,
            "MinValue": null,
            "DecimalPrecision": null
          },
          "IsSystemField": false,
          "IsRequired": false,
          "ReferenceEntity": {
            "Name": "EntityAttachment"
          },
          "ReferenceType": "ManyToOne",
          "FieldDisplayType": "File",
          "ReferenceChoiceSet": null,
          "IsAttachment": true
        },
        {
          "Id": "dbefef35-2ef1-ef11-90cb-002248a1377f",
          "Name": "RunBy",
          "DisplayName": "RunBy",
          "Description": "",
          "CreateTime": "2025-02-22T15:03:45.74Z",
          "UpdateTime": "2025-02-22T15:03:45.74Z",
          "SqlType": {
            "Name": "NVARCHAR",
            "LengthLimit": 200,
            "MaxValue": null,
            "MinValue": null,
            "DecimalPrecision": null
          },
          "IsSystemField": false,
          "IsRequired": false,
          "ReferenceEntity": null,
          "ReferenceType": "ManyToOne",
          "FieldDisplayType": "Basic",
          "ReferenceChoiceSet": null,
          "IsAttachment": false
        },
        {
          "Id": "b6b75d5c-5de4-ef11-88f8-002248a13f40",
          "Name": "Status",
          "DisplayName": "Status",
          "Description": "",
          "CreateTime": "2025-02-06T07:38:31.443Z",
          "UpdateTime": "2025-02-06T07:38:31.443Z",
          "SqlType": {
            "Name": "NVARCHAR",
            "LengthLimit": 200,
            "MaxValue": null,
            "MinValue": null,
            "DecimalPrecision": null
          },
          "IsSystemField": false,
          "IsRequired": true,
          "ReferenceEntity": null,
          "ReferenceType": "ManyToOne",
          "FieldDisplayType": "Basic",
          "ReferenceChoiceSet": null,
          "IsAttachment": false
        },
        {
          "Id": "1983ad35-ff67-4dca-a51d-9a75770c2e4c",
          "Name": "UpdatedBy",
          "DisplayName": "UpdatedBy",
          "Description": "System built-in field",
          "CreateTime": "2025-02-06T07:34:07.69Z",
          "UpdateTime": "2025-02-06T07:34:07.69Z",
          "SqlType": {
            "Name": "UNIQUEIDENTIFIER",
            "LengthLimit": null,
            "MaxValue": null,
            "MinValue": null,
            "DecimalPrecision": null
          },
          "IsSystemField": true,
          "IsRequired": false,
          "ReferenceEntity": {
            "Name": "SystemUser"
          },
          "ReferenceType": "ManyToOne",
          "FieldDisplayType": "Relationship",
          "ReferenceChoiceSet": null,
          "IsAttachment": false
        },
        {
          "Id": "8d4c3f7a-03e6-4873-b131-b01a41df9a77",
          "Name": "UpdateTime",
          "DisplayName": "UpdateTime",
          "Description": "System built-in field",
          "CreateTime": "2025-02-06T07:34:07.69Z",
          "UpdateTime": "2025-02-06T07:34:07.69Z",
          "SqlType": {
            "Name": "DATETIMEOFFSET",
            "LengthLimit": null,
            "MaxValue": null,
            "MinValue": null,
            "DecimalPrecision": null
          },
          "IsSystemField": true,
          "IsRequired": false,
          "ReferenceEntity": null,
          "ReferenceType": "ManyToOne",
          "FieldDisplayType": "Basic",
          "ReferenceChoiceSet": null,
          "IsAttachment": false
        }
      ],
      "RecordCount": 5,
      "EntityType": "Entity"
    },
    {
      "Id": "d595f585-28e4-ef11-88f8-002248a13f40",
      "Name": "AutomationProject",
      "DisplayName": "Automation Project",
      "Description": "",
      "CreateTime": "2025-02-06T01:20:17.91Z",
      "UpdateTime": "2025-02-23T08:00:35.63Z",
      "Fields": [
        {
          "Id": "a58c3a39-27f1-ef11-90cb-002248a1377f",
          "Name": "appUserId",
          "DisplayName": "appUserId",
          "Description": "",
          "CreateTime": "2025-02-22T14:13:44.787Z",
          "UpdateTime": "2025-02-22T14:13:44.787Z",
          "SqlType": {
            "Name": "UNIQUEIDENTIFIER",
            "LengthLimit": 200,
            "MaxValue": null,
            "MinValue": null,
            "DecimalPrecision": null
          },
          "IsSystemField": false,
          "IsRequired": true,
          "ReferenceEntity": {
            "Name": "AppUser"
          },
          "ReferenceType": "ManyToOne",
          "FieldDisplayType": "Relationship",
          "ReferenceChoiceSet": null,
          "IsAttachment": false
        },
        {
          "Id": "25545028-01f8-44b4-98f6-162a7b68530e",
          "Name": "CreatedBy",
          "DisplayName": "CreatedBy",
          "Description": "System built-in field",
          "CreateTime": "2025-02-06T01:20:18.033Z",
          "UpdateTime": "2025-02-06T01:20:18.033Z",
          "SqlType": {
            "Name": "UNIQUEIDENTIFIER",
            "LengthLimit": null,
            "MaxValue": null,
            "MinValue": null,
            "DecimalPrecision": null
          },
          "IsSystemField": true,
          "IsRequired": true,
          "ReferenceEntity": {
            "Name": "SystemUser"
          },
          "ReferenceType": "ManyToOne",
          "FieldDisplayType": "Relationship",
          "ReferenceChoiceSet": null,
          "IsAttachment": false
        },
        {
          "Id": "27fda942-bcf1-ef11-90cb-002248a1377f",
          "Name": "CreatedByName",
          "DisplayName": "CreatedByName",
          "Description": "",
          "CreateTime": "2025-02-23T08:00:35.633Z",
          "UpdateTime": "2025-02-23T08:00:35.633Z",
          "SqlType": {
            "Name": "NVARCHAR",
            "LengthLimit": 200,
            "MaxValue": null,
            "MinValue": null,
            "DecimalPrecision": null
          },
          "IsSystemField": false,
          "IsRequired": false,
          "ReferenceEntity": null,
          "ReferenceType": "ManyToOne",
          "FieldDisplayType": "Basic",
          "ReferenceChoiceSet": null,
          "IsAttachment": false
        },
        {
          "Id": "88d5fc21-13b2-4ead-bb15-be7dc4bcb6ee",
          "Name": "CreateTime",
          "DisplayName": "CreateTime",
          "Description": "System built-in field",
          "CreateTime": "2025-02-06T01:20:18.033Z",
          "UpdateTime": "2025-02-06T01:20:18.033Z",
          "SqlType": {
            "Name": "DATETIMEOFFSET",
            "LengthLimit": null,
            "MaxValue": null,
            "MinValue": null,
            "DecimalPrecision": null
          },
          "IsSystemField": true,
          "IsRequired": true,
          "ReferenceEntity": null,
          "ReferenceType": "ManyToOne",
          "FieldDisplayType": "Basic",
          "ReferenceChoiceSet": null,
          "IsAttachment": false
        },
        {
          "Id": "61d509ef-29e4-ef11-88f8-002248a13f40",
          "Name": "ExcelDataFile",
          "DisplayName": "ExcelDataFile",
          "Description": "",
          "CreateTime": "2025-02-06T01:30:23.94Z",
          "UpdateTime": "2025-02-06T01:30:23.94Z",
          "SqlType": {
            "Name": "UNIQUEIDENTIFIER",
            "LengthLimit": null,
            "MaxValue": null,
            "MinValue": null,
            "DecimalPrecision": null
          },
          "IsSystemField": false,
          "IsRequired": false,
          "ReferenceEntity": {
            "Name": "EntityAttachment"
          },
          "ReferenceType": "ManyToOne",
          "FieldDisplayType": "File",
          "ReferenceChoiceSet": null,
          "IsAttachment": true
        },
        {
          "Id": "1fba3aec-b1e6-ef11-90cb-002248a1377f",
          "Name": "ExcelDataFileName",
          "DisplayName": "ExcelDataFileName",
          "Description": "",
          "CreateTime": "2025-02-09T06:48:52.867Z",
          "UpdateTime": "2025-02-09T06:48:52.867Z",
          "SqlType": {
            "Name": "NVARCHAR",
            "LengthLimit": 200,
            "MaxValue": null,
            "MinValue": null,
            "DecimalPrecision": null
          },
          "IsSystemField": false,
          "IsRequired": false,
          "ReferenceEntity": null,
          "ReferenceType": "ManyToOne",
          "FieldDisplayType": "Basic",
          "ReferenceChoiceSet": null,
          "IsAttachment": false
        },
        {
          "Id": "3f0d162c-8376-4096-b353-b0b05fc6fd7b",
          "Name": "Id",
          "DisplayName": "Id",
          "Description": "System built-in field",
          "CreateTime": "2025-02-06T01:20:18.033Z",
          "UpdateTime": "2025-02-06T01:20:18.033Z",
          "SqlType": {
            "Name": "UNIQUEIDENTIFIER",
            "LengthLimit": null,
            "MaxValue": null,
            "MinValue": null,
            "DecimalPrecision": null
          },
          "IsSystemField": true,
          "IsRequired": true,
          "ReferenceEntity": null,
          "ReferenceType": "ManyToOne",
          "FieldDisplayType": "Basic",
          "ReferenceChoiceSet": null,
          "IsAttachment": false
        },
        {
          "Id": "ef89f667-2ae4-ef11-88f8-002248a13f40",
          "Name": "ImageFile",
          "DisplayName": "ImageFile",
          "Description": "",
          "CreateTime": "2025-02-06T01:33:46.57Z",
          "UpdateTime": "2025-02-06T01:33:46.57Z",
          "SqlType": {
            "Name": "UNIQUEIDENTIFIER",
            "LengthLimit": null,
            "MaxValue": null,
            "MinValue": null,
            "DecimalPrecision": null
          },
          "IsSystemField": false,
          "IsRequired": false,
          "ReferenceEntity": {
            "Name": "EntityAttachment"
          },
          "ReferenceType": "ManyToOne",
          "FieldDisplayType": "File",
          "ReferenceChoiceSet": null,
          "IsAttachment": true
        },
        {
          "Id": "20ba3aec-b1e6-ef11-90cb-002248a1377f",
          "Name": "ImageFileName",
          "DisplayName": "ImageFileName",
          "Description": "",
          "CreateTime": "2025-02-09T06:48:59.717Z",
          "UpdateTime": "2025-02-09T06:48:59.717Z",
          "SqlType": {
            "Name": "NVARCHAR",
            "LengthLimit": 200,
            "MaxValue": null,
            "MinValue": null,
            "DecimalPrecision": null
          },
          "IsSystemField": false,
          "IsRequired": false,
          "ReferenceEntity": null,
          "ReferenceType": "ManyToOne",
          "FieldDisplayType": "Basic",
          "ReferenceChoiceSet": null,
          "IsAttachment": false
        },
        {
          "Id": "1759d856-2ae4-ef11-88f8-002248a13f40",
          "Name": "MessageFile",
          "DisplayName": "MessageFile",
          "Description": "",
          "CreateTime": "2025-02-06T01:33:17.86Z",
          "UpdateTime": "2025-02-06T01:33:17.86Z",
          "SqlType": {
            "Name": "UNIQUEIDENTIFIER",
            "LengthLimit": null,
            "MaxValue": null,
            "MinValue": null,
            "DecimalPrecision": null
          },
          "IsSystemField": false,
          "IsRequired": false,
          "ReferenceEntity": {
            "Name": "EntityAttachment"
          },
          "ReferenceType": "ManyToOne",
          "FieldDisplayType": "File",
          "ReferenceChoiceSet": null,
          "IsAttachment": true
        },
        {
          "Id": "9326e4f4-b1e6-ef11-90cb-002248a1377f",
          "Name": "MessageFileName",
          "DisplayName": "MessageFileName",
          "Description": "",
          "CreateTime": "2025-02-09T06:49:07.387Z",
          "UpdateTime": "2025-02-09T06:49:07.387Z",
          "SqlType": {
            "Name": "NVARCHAR",
            "LengthLimit": 200,
            "MaxValue": null,
            "MinValue": null,
            "DecimalPrecision": null
          },
          "IsSystemField": false,
          "IsRequired": false,
          "ReferenceEntity": null,
          "ReferenceType": "ManyToOne",
          "FieldDisplayType": "Basic",
          "ReferenceChoiceSet": null,
          "IsAttachment": false
        },
        {
          "Id": "e9051f8c-29e4-ef11-88f8-002248a13f40",
          "Name": "Name",
          "DisplayName": "Name",
          "Description": "",
          "CreateTime": "2025-02-06T01:27:37.75Z",
          "UpdateTime": "2025-02-06T01:27:37.75Z",
          "SqlType": {
            "Name": "NVARCHAR",
            "LengthLimit": 200,
            "MaxValue": null,
            "MinValue": null,
            "DecimalPrecision": null
          },
          "IsSystemField": false,
          "IsRequired": true,
          "ReferenceEntity": null,
          "ReferenceType": "ManyToOne",
          "FieldDisplayType": "Basic",
          "ReferenceChoiceSet": null,
          "IsAttachment": false
        },
        {
          "Id": "2406951f-ef28-42df-b1ab-725c15493a4e",
          "Name": "UpdatedBy",
          "DisplayName": "UpdatedBy",
          "Description": "System built-in field",
          "CreateTime": "2025-02-06T01:20:18.033Z",
          "UpdateTime": "2025-02-06T01:20:18.033Z",
          "SqlType": {
            "Name": "UNIQUEIDENTIFIER",
            "LengthLimit": null,
            "MaxValue": null,
            "MinValue": null,
            "DecimalPrecision": null
          },
          "IsSystemField": true,
          "IsRequired": false,
          "ReferenceEntity": {
            "Name": "SystemUser"
          },
          "ReferenceType": "ManyToOne",
          "FieldDisplayType": "Relationship",
          "ReferenceChoiceSet": null,
          "IsAttachment": false
        },
        {
          "Id": "ad20d5f0-f922-4a10-be28-490e5d1d3507",
          "Name": "UpdateTime",
          "DisplayName": "UpdateTime",
          "Description": "System built-in field",
          "CreateTime": "2025-02-06T01:20:18.033Z",
          "UpdateTime": "2025-02-06T01:20:18.033Z",
          "SqlType": {
            "Name": "DATETIMEOFFSET",
            "LengthLimit": null,
            "MaxValue": null,
            "MinValue": null,
            "DecimalPrecision": null
          },
          "IsSystemField": true,
          "IsRequired": false,
          "ReferenceEntity": null,
          "ReferenceType": "ManyToOne",
          "FieldDisplayType": "Basic",
          "ReferenceChoiceSet": null,
          "IsAttachment": false
        }
      ],
      "RecordCount": 12,
      "EntityType": "Entity"
    },
    {
      "Id": "9af72918-27e6-ef11-90cb-002248a1377f",
      "Name": "FilterData",
      "DisplayName": "Filter Data",
      "Description": "",
      "CreateTime": "2025-02-08T14:15:06.533Z",
      "UpdateTime": "2025-02-22T14:14:58.163Z",
      "Fields": [
        {
          "Id": "3590f764-27f1-ef11-90cb-002248a1377f",
          "Name": "automationProcessId",
          "DisplayName": "automationProcessId",
          "Description": "",
          "CreateTime": "2025-02-22T14:14:58.167Z",
          "UpdateTime": "2025-02-22T14:14:58.167Z",
          "SqlType": {
            "Name": "UNIQUEIDENTIFIER",
            "LengthLimit": 200,
            "MaxValue": null,
            "MinValue": null,
            "DecimalPrecision": null
          },
          "IsSystemField": false,
          "IsRequired": true,
          "ReferenceEntity": {
            "Name": "AutomationProject"
          },
          "ReferenceType": "ManyToOne",
          "FieldDisplayType": "Relationship",
          "ReferenceChoiceSet": null,
          "IsAttachment": false
        },
        {
          "Id": "5cfcd561-27e6-ef11-90cb-002248a1377f",
          "Name": "ColumnName",
          "DisplayName": "ColumnName",
          "Description": "",
          "CreateTime": "2025-02-08T14:17:19.897Z",
          "UpdateTime": "2025-02-08T14:17:49.49Z",
          "SqlType": {
            "Name": "NVARCHAR",
            "LengthLimit": 200,
            "MaxValue": null,
            "MinValue": null,
            "DecimalPrecision": null
          },
          "IsSystemField": false,
          "IsRequired": false,
          "ReferenceEntity": null,
          "ReferenceType": "ManyToOne",
          "FieldDisplayType": "Basic",
          "ReferenceChoiceSet": null,
          "IsAttachment": false
        },
        {
          "Id": "32c4af62-000f-407d-ac8f-b21443ac0778",
          "Name": "CreatedBy",
          "DisplayName": "CreatedBy",
          "Description": "System built-in field",
          "CreateTime": "2025-02-08T14:15:06.587Z",
          "UpdateTime": "2025-02-08T14:15:06.587Z",
          "SqlType": {
            "Name": "UNIQUEIDENTIFIER",
            "LengthLimit": null,
            "MaxValue": null,
            "MinValue": null,
            "DecimalPrecision": null
          },
          "IsSystemField": true,
          "IsRequired": true,
          "ReferenceEntity": {
            "Name": "SystemUser"
          },
          "ReferenceType": "ManyToOne",
          "FieldDisplayType": "Relationship",
          "ReferenceChoiceSet": null,
          "IsAttachment": false
        },
        {
          "Id": "555ca111-4180-4e81-a252-591e3ad66e25",
          "Name": "CreateTime",
          "DisplayName": "CreateTime",
          "Description": "System built-in field",
          "CreateTime": "2025-02-08T14:15:06.587Z",
          "UpdateTime": "2025-02-08T14:15:06.587Z",
          "SqlType": {
            "Name": "DATETIMEOFFSET",
            "LengthLimit": null,
            "MaxValue": null,
            "MinValue": null,
            "DecimalPrecision": null
          },
          "IsSystemField": true,
          "IsRequired": true,
          "ReferenceEntity": null,
          "ReferenceType": "ManyToOne",
          "FieldDisplayType": "Basic",
          "ReferenceChoiceSet": null,
          "IsAttachment": false
        },
        {
          "Id": "bf98b06b-27e6-ef11-90cb-002248a1377f",
          "Name": "Expression",
          "DisplayName": "Expression",
          "Description": "",
          "CreateTime": "2025-02-08T14:17:26.657Z",
          "UpdateTime": "2025-02-08T14:17:26.657Z",
          "SqlType": {
            "Name": "NVARCHAR",
            "LengthLimit": 200,
            "MaxValue": null,
            "MinValue": null,
            "DecimalPrecision": null
          },
          "IsSystemField": false,
          "IsRequired": false,
          "ReferenceEntity": null,
          "ReferenceType": "ManyToOne",
          "FieldDisplayType": "Basic",
          "ReferenceChoiceSet": null,
          "IsAttachment": false
        },
        {
          "Id": "bb1d9473-27e6-ef11-90cb-002248a1377f",
          "Name": "FilterValue",
          "DisplayName": "FilterValue",
          "Description": "",
          "CreateTime": "2025-02-08T14:17:39.9Z",
          "UpdateTime": "2025-02-08T14:17:39.9Z",
          "SqlType": {
            "Name": "NVARCHAR",
            "LengthLimit": 200,
            "MaxValue": null,
            "MinValue": null,
            "DecimalPrecision": null
          },
          "IsSystemField": false,
          "IsRequired": false,
          "ReferenceEntity": null,
          "ReferenceType": "ManyToOne",
          "FieldDisplayType": "Basic",
          "ReferenceChoiceSet": null,
          "IsAttachment": false
        },
        {
          "Id": "e628125d-2d3b-4255-930a-27ae9bf08983",
          "Name": "Id",
          "DisplayName": "Id",
          "Description": "System built-in field",
          "CreateTime": "2025-02-08T14:15:06.587Z",
          "UpdateTime": "2025-02-08T14:15:06.587Z",
          "SqlType": {
            "Name": "UNIQUEIDENTIFIER",
            "LengthLimit": null,
            "MaxValue": null,
            "MinValue": null,
            "DecimalPrecision": null
          },
          "IsSystemField": true,
          "IsRequired": true,
          "ReferenceEntity": null,
          "ReferenceType": "ManyToOne",
          "FieldDisplayType": "Basic",
          "ReferenceChoiceSet": null,
          "IsAttachment": false
        },
        {
          "Id": "5bfcd561-27e6-ef11-90cb-002248a1377f",
          "Name": "ProcessId",
          "DisplayName": "ProcessId",
          "Description": "",
          "CreateTime": "2025-02-08T14:17:10.133Z",
          "UpdateTime": "2025-02-08T14:17:10.133Z",
          "SqlType": {
            "Name": "NVARCHAR",
            "LengthLimit": 200,
            "MaxValue": null,
            "MinValue": null,
            "DecimalPrecision": null
          },
          "IsSystemField": false,
          "IsRequired": true,
          "ReferenceEntity": null,
          "ReferenceType": "ManyToOne",
          "FieldDisplayType": "Basic",
          "ReferenceChoiceSet": null,
          "IsAttachment": false
        },
        {
          "Id": "26b670b4-cf86-4a24-99a7-f0dbcd06bef2",
          "Name": "UpdatedBy",
          "DisplayName": "UpdatedBy",
          "Description": "System built-in field",
          "CreateTime": "2025-02-08T14:15:06.587Z",
          "UpdateTime": "2025-02-08T14:15:06.587Z",
          "SqlType": {
            "Name": "UNIQUEIDENTIFIER",
            "LengthLimit": null,
            "MaxValue": null,
            "MinValue": null,
            "DecimalPrecision": null
          },
          "IsSystemField": true,
          "IsRequired": false,
          "ReferenceEntity": {
            "Name": "SystemUser"
          },
          "ReferenceType": "ManyToOne",
          "FieldDisplayType": "Relationship",
          "ReferenceChoiceSet": null,
          "IsAttachment": false
        },
        {
          "Id": "2402a06a-0dfc-423a-9887-537a1a6e96a7",
          "Name": "UpdateTime",
          "DisplayName": "UpdateTime",
          "Description": "System built-in field",
          "CreateTime": "2025-02-08T14:15:06.587Z",
          "UpdateTime": "2025-02-08T14:15:06.587Z",
          "SqlType": {
            "Name": "DATETIMEOFFSET",
            "LengthLimit": null,
            "MaxValue": null,
            "MinValue": null,
            "DecimalPrecision": null
          },
          "IsSystemField": true,
          "IsRequired": false,
          "ReferenceEntity": null,
          "ReferenceType": "ManyToOne",
          "FieldDisplayType": "Basic",
          "ReferenceChoiceSet": null,
          "IsAttachment": false
        }
      ],
      "RecordCount": 70,
      "EntityType": "Entity"
    },
    {
      "Id": "7bd9f725-61e1-ef11-88f8-002248a1377f",
      "Name": "SystemUser",
      "DisplayName": "System Users",
      "Description": "Contains Automation Cloud users and groups that have ever had roles assigned, or accessed Data Service",
      "CreateTime": "2025-02-02T12:28:04.88Z",
      "UpdateTime": "2025-02-02T12:28:04.88Z",
      "Fields": [
        {
          "Id": "ce8464b0-cba5-4f24-92dc-18993d93cb7a",
          "Name": "CreateTime",
          "DisplayName": "CreateTime",
          "Description": "System built-in field",
          "CreateTime": "2025-02-02T12:28:04.937Z",
          "UpdateTime": "2025-02-02T12:28:04.937Z",
          "SqlType": {
            "Name": "DATETIMEOFFSET",
            "LengthLimit": null,
            "MaxValue": null,
            "MinValue": null,
            "DecimalPrecision": null
          },
          "IsSystemField": true,
          "IsRequired": true,
          "ReferenceEntity": null,
          "ReferenceType": "ManyToOne",
          "FieldDisplayType": "Basic",
          "ReferenceChoiceSet": null,
          "IsAttachment": false
        },
        {
          "Id": "d4730dd2-561f-404c-877b-111441836bc0",
          "Name": "Email",
          "DisplayName": "E-mail",
          "Description": "System built-in field",
          "CreateTime": "2025-02-02T12:28:04.937Z",
          "UpdateTime": "2025-02-02T12:28:04.937Z",
          "SqlType": {
            "Name": "NVARCHAR",
            "LengthLimit": 512,
            "MaxValue": null,
            "MinValue": null,
            "DecimalPrecision": null
          },
          "IsSystemField": true,
          "IsRequired": false,
          "ReferenceEntity": null,
          "ReferenceType": "ManyToOne",
          "FieldDisplayType": "Basic",
          "ReferenceChoiceSet": null,
          "IsAttachment": false
        },
        {
          "Id": "ee458565-22be-4d1e-849d-f0eea8920222",
          "Name": "Id",
          "DisplayName": "Id",
          "Description": "System built-in field",
          "CreateTime": "2025-02-02T12:28:04.937Z",
          "UpdateTime": "2025-02-02T12:28:04.937Z",
          "SqlType": {
            "Name": "UNIQUEIDENTIFIER",
            "LengthLimit": null,
            "MaxValue": null,
            "MinValue": null,
            "DecimalPrecision": null
          },
          "IsSystemField": true,
          "IsRequired": true,
          "ReferenceEntity": null,
          "ReferenceType": "ManyToOne",
          "FieldDisplayType": "Basic",
          "ReferenceChoiceSet": null,
          "IsAttachment": false
        },
        {
          "Id": "6056b74a-e7c8-4d59-a283-afc9b33187fc",
          "Name": "IsActive",
          "DisplayName": "IsActive",
          "Description": "System built-in field",
          "CreateTime": "2025-02-02T12:28:04.937Z",
          "UpdateTime": "2025-02-02T12:28:04.937Z",
          "SqlType": {
            "Name": "BIT",
            "LengthLimit": null,
            "MaxValue": null,
            "MinValue": null,
            "DecimalPrecision": null
          },
          "IsSystemField": true,
          "IsRequired": true,
          "ReferenceEntity": null,
          "ReferenceType": "ManyToOne",
          "FieldDisplayType": "Basic",
          "ReferenceChoiceSet": null,
          "IsAttachment": false
        },
        {
          "Id": "7f9e1476-68e8-4d0c-8993-dc9c285da959",
          "Name": "Name",
          "DisplayName": "Name",
          "Description": "System built-in field",
          "CreateTime": "2025-02-02T12:28:04.937Z",
          "UpdateTime": "2025-02-02T12:28:04.937Z",
          "SqlType": {
            "Name": "NVARCHAR",
            "LengthLimit": 512,
            "MaxValue": null,
            "MinValue": null,
            "DecimalPrecision": null
          },
          "IsSystemField": true,
          "IsRequired": true,
          "ReferenceEntity": null,
          "ReferenceType": "ManyToOne",
          "FieldDisplayType": "Basic",
          "ReferenceChoiceSet": null,
          "IsAttachment": false
        },
        {
          "Id": "43b87dd8-a08d-49c7-9ddc-ef2a3340a484",
          "Name": "Type",
          "DisplayName": "Type",
          "Description": "System built-in field",
          "CreateTime": "2025-02-02T12:28:04.937Z",
          "UpdateTime": "2025-02-02T12:28:04.937Z",
          "SqlType": {
            "Name": "INT",
            "LengthLimit": null,
            "MaxValue": 9007199254740991.0,
            "MinValue": -9007199254740991.0,
            "DecimalPrecision": null
          },
          "IsSystemField": true,
          "IsRequired": true,
          "ReferenceEntity": null,
          "ReferenceType": "ManyToOne",
          "FieldDisplayType": "ChoiceSetSingle",
          "ReferenceChoiceSet": {
            "Name": "UserType"
          },
          "IsAttachment": false
        },
        {
          "Id": "145a0572-9309-445d-8b56-fd03ea7e3d6f",
          "Name": "UpdateTime",
          "DisplayName": "UpdateTime",
          "Description": "System built-in field",
          "CreateTime": "2025-02-02T12:28:04.937Z",
          "UpdateTime": "2025-02-02T12:28:04.937Z",
          "SqlType": {
            "Name": "DATETIMEOFFSET",
            "LengthLimit": null,
            "MaxValue": null,
            "MinValue": null,
            "DecimalPrecision": null
          },
          "IsSystemField": true,
          "IsRequired": false,
          "ReferenceEntity": null,
          "ReferenceType": "ManyToOne",
          "FieldDisplayType": "Basic",
          "ReferenceChoiceSet": null,
          "IsAttachment": false
        }
      ],
      "RecordCount": 9,
      "EntityType": "SystemEntity"
    }
  ],
  "Namespace": "FilterData",
  "EntitiesJson": "{\"entities\":[{\"name\":\"AppUser\",\"displayName\":\"App User\",\"entityTypeId\":0,\"entityType\":\"Entity\",\"description\":\"\",\"fields\":[{\"id\":\"6816d417-c1d5-435f-978f-9a534602e2c0\",\"name\":\"CreatedBy\",\"isPrimaryKey\":false,\"isForeignKey\":true,\"isUnique\":false,\"referenceName\":\"fk_CreatedBy_ee4af33d-2c8c-4d91-86d0-c55aea03b999\",\"referenceEntity\":{\"name\":\"SystemUser\",\"displayName\":\"System Users\",\"entityTypeId\":3,\"entityType\":\"SystemEntity\",\"isRbacEnabled\":false,\"invalidIdentifiers\":[],\"isModelReserved\":false,\"id\":\"7bd9f725-61e1-ef11-88f8-002248a1377f\"},\"referenceField\":{\"id\":\"7f9e1476-68e8-4d0c-8993-dc9c285da959\",\"definition\":{\"name\":\"Name\",\"isPrimaryKey\":false,\"isForeignKey\":false,\"isUnique\":false,\"referenceType\":\"ManyToOne\",\"sqlType\":{\"name\":\"NVARCHAR\",\"lengthLimit\":512},\"isRequired\":false,\"displayName\":\"Name\",\"createTime\":\"2025-02-28T15:22:54.4450948Z\",\"updateTime\":\"2025-02-28T15:22:54.4450949Z\",\"isSystemField\":false,\"isAttachment\":false,\"isRbacEnabled\":false,\"isModelReserved\":false,\"isVirtualField\":false}},\"referenceType\":\"ManyToOne\",\"sqlType\":{\"name\":\"UNIQUEIDENTIFIER\"},\"isRequired\":true,\"displayName\":\"CreatedBy\",\"description\":\"System built-in field\",\"createTime\":\"2025-02-07T03:29:53.563Z\",\"createdBy\":\"b522eb58-2f50-4ed9-8623-51f495e0c3c1\",\"updateTime\":\"2025-02-07T03:29:53.563Z\",\"isSystemField\":true,\"fieldDisplayType\":\"Relationship\",\"isAttachment\":false,\"isRbacEnabled\":false,\"isModelReserved\":false,\"isVirtualField\":false},{\"id\":\"be602982-db18-4230-a364-ee5bc0776736\",\"name\":\"CreateTime\",\"isPrimaryKey\":false,\"isForeignKey\":false,\"isUnique\":false,\"referenceType\":\"ManyToOne\",\"sqlType\":{\"name\":\"DATETIMEOFFSET\"},\"isRequired\":true,\"displayName\":\"CreateTime\",\"description\":\"System built-in field\",\"createTime\":\"2025-02-07T03:29:53.563Z\",\"createdBy\":\"b522eb58-2f50-4ed9-8623-51f495e0c3c1\",\"updateTime\":\"2025-02-07T03:29:53.563Z\",\"isSystemField\":true,\"isAttachment\":false,\"isRbacEnabled\":false,\"isModelReserved\":false,\"isVirtualField\":false},{\"id\":\"ded93631-05e5-ef11-90cb-002248a1377f\",\"name\":\"Email\",\"isPrimaryKey\":false,\"isForeignKey\":false,\"isUnique\":true,\"referenceType\":\"ManyToOne\",\"sqlType\":{\"name\":\"NVARCHAR\",\"lengthLimit\":200},\"isRequired\":true,\"displayName\":\"Email\",\"description\":\"\",\"createTime\":\"2025-02-07T03:39:54.503Z\",\"createdBy\":\"b522eb58-2f50-4ed9-8623-51f495e0c3c1\",\"updateTime\":\"2025-02-07T03:39:54.503Z\",\"updatedBy\":\"b522eb58-2f50-4ed9-8623-51f495e0c3c1\",\"isSystemField\":false,\"isAttachment\":false,\"isRbacEnabled\":false,\"isModelReserved\":false,\"isVirtualField\":false},{\"id\":\"3a6bd530-b4b5-404f-a9df-cc0fd8ef2739\",\"name\":\"Id\",\"isPrimaryKey\":true,\"isForeignKey\":false,\"isUnique\":false,\"referenceType\":\"ManyToOne\",\"sqlType\":{\"name\":\"UNIQUEIDENTIFIER\"},\"isRequired\":true,\"displayName\":\"Id\",\"description\":\"System built-in field\",\"createTime\":\"2025-02-07T03:29:53.563Z\",\"createdBy\":\"b522eb58-2f50-4ed9-8623-51f495e0c3c1\",\"updateTime\":\"2025-02-07T03:29:53.563Z\",\"isSystemField\":true,\"isAttachment\":false,\"isRbacEnabled\":false,\"isModelReserved\":false,\"isVirtualField\":false},{\"id\":\"3c3276e4-03e5-ef11-90cb-002248a1377f\",\"name\":\"Password\",\"isPrimaryKey\":false,\"isForeignKey\":false,\"isUnique\":false,\"referenceType\":\"ManyToOne\",\"sqlType\":{\"name\":\"NVARCHAR\",\"lengthLimit\":200},\"isRequired\":true,\"displayName\":\"Password\",\"description\":\"\",\"createTime\":\"2025-02-07T03:30:36.23Z\",\"createdBy\":\"b522eb58-2f50-4ed9-8623-51f495e0c3c1\",\"updateTime\":\"2025-02-07T03:30:36.23Z\",\"updatedBy\":\"b522eb58-2f50-4ed9-8623-51f495e0c3c1\",\"isSystemField\":false,\"isAttachment\":false,\"isRbacEnabled\":false,\"isModelReserved\":false,\"isVirtualField\":false},{\"id\":\"25afbc97-a527-43bb-acde-c306ea69f3c2\",\"name\":\"UpdatedBy\",\"isPrimaryKey\":false,\"isForeignKey\":true,\"isUnique\":false,\"referenceName\":\"fk_UpdatedBy_1e773217-58a0-4449-8360-2231a798455e\",\"referenceEntity\":{\"name\":\"SystemUser\",\"displayName\":\"System Users\",\"entityTypeId\":3,\"entityType\":\"SystemEntity\",\"isRbacEnabled\":false,\"invalidIdentifiers\":[],\"isModelReserved\":false,\"id\":\"7bd9f725-61e1-ef11-88f8-002248a1377f\"},\"referenceField\":{\"id\":\"7f9e1476-68e8-4d0c-8993-dc9c285da959\",\"definition\":{\"name\":\"Name\",\"isPrimaryKey\":false,\"isForeignKey\":false,\"isUnique\":false,\"referenceType\":\"ManyToOne\",\"sqlType\":{\"name\":\"NVARCHAR\",\"lengthLimit\":512},\"isRequired\":false,\"displayName\":\"Name\",\"createTime\":\"2025-02-28T15:22:54.4450989Z\",\"updateTime\":\"2025-02-28T15:22:54.445099Z\",\"isSystemField\":false,\"isAttachment\":false,\"isRbacEnabled\":false,\"isModelReserved\":false,\"isVirtualField\":false}},\"referenceType\":\"ManyToOne\",\"sqlType\":{\"name\":\"UNIQUEIDENTIFIER\"},\"isRequired\":false,\"displayName\":\"UpdatedBy\",\"description\":\"System built-in field\",\"createTime\":\"2025-02-07T03:29:53.563Z\",\"createdBy\":\"b522eb58-2f50-4ed9-8623-51f495e0c3c1\",\"updateTime\":\"2025-02-07T03:29:53.563Z\",\"isSystemField\":true,\"fieldDisplayType\":\"Relationship\",\"isAttachment\":false,\"isRbacEnabled\":false,\"isModelReserved\":false,\"isVirtualField\":false},{\"id\":\"e5ab40c1-66cc-496a-9111-c87cee9e2f84\",\"name\":\"UpdateTime\",\"isPrimaryKey\":false,\"isForeignKey\":false,\"isUnique\":false,\"referenceType\":\"ManyToOne\",\"sqlType\":{\"name\":\"DATETIMEOFFSET\"},\"isRequired\":false,\"displayName\":\"UpdateTime\",\"description\":\"System built-in field\",\"createTime\":\"2025-02-07T03:29:53.563Z\",\"createdBy\":\"b522eb58-2f50-4ed9-8623-51f495e0c3c1\",\"updateTime\":\"2025-02-07T03:29:53.563Z\",\"isSystemField\":true,\"isAttachment\":false,\"isRbacEnabled\":false,\"isModelReserved\":false,\"isVirtualField\":false},{\"id\":\"c23c7fd7-03e5-ef11-90cb-002248a1377f\",\"name\":\"Username\",\"isPrimaryKey\":false,\"isForeignKey\":false,\"isUnique\":false,\"referenceType\":\"ManyToOne\",\"sqlType\":{\"name\":\"NVARCHAR\",\"lengthLimit\":200},\"isRequired\":true,\"displayName\":\"Username\",\"description\":\"\",\"createTime\":\"2025-02-07T03:30:14.487Z\",\"createdBy\":\"b522eb58-2f50-4ed9-8623-51f495e0c3c1\",\"updateTime\":\"2025-02-07T03:30:14.487Z\",\"updatedBy\":\"b522eb58-2f50-4ed9-8623-51f495e0c3c1\",\"isSystemField\":false,\"isAttachment\":false,\"isRbacEnabled\":false,\"isModelReserved\":false,\"isVirtualField\":false}],\"recordCount\":5,\"storageSizeInMB\":0.210937,\"usedStorageSizeInMB\":0.046875,\"isRbacEnabled\":false,\"invalidIdentifiers\":[],\"isModelReserved\":false,\"id\":\"617fffca-03e5-ef11-90cb-002248a1377f\",\"createdBy\":\"b522eb58-2f50-4ed9-8623-51f495e0c3c1\",\"createTime\":\"2025-02-07T03:29:53.51Z\",\"updateTime\":\"2025-02-07T03:39:54.513Z\",\"updatedBy\":\"b522eb58-2f50-4ed9-8623-51f495e0c3c1\"},{\"name\":\"AutomationHistory\",\"displayName\":\"Automation History\",\"entityTypeId\":0,\"entityType\":\"Entity\",\"description\":\"\",\"fields\":[{\"id\":\"b6e94f7e-2d0c-45ab-8502-c1bbfa32c2fe\",\"name\":\"CreatedBy\",\"isPrimaryKey\":false,\"isForeignKey\":true,\"isUnique\":false,\"referenceName\":\"fk_CreatedBy_7d79913b-7db8-476a-981a-15253313b55b\",\"referenceEntity\":{\"name\":\"SystemUser\",\"displayName\":\"System Users\",\"entityTypeId\":3,\"entityType\":\"SystemEntity\",\"isRbacEnabled\":false,\"invalidIdentifiers\":[],\"isModelReserved\":false,\"id\":\"7bd9f725-61e1-ef11-88f8-002248a1377f\"},\"referenceField\":{\"id\":\"7f9e1476-68e8-4d0c-8993-dc9c285da959\",\"definition\":{\"name\":\"Name\",\"isPrimaryKey\":false,\"isForeignKey\":false,\"isUnique\":false,\"referenceType\":\"ManyToOne\",\"sqlType\":{\"name\":\"NVARCHAR\",\"lengthLimit\":512},\"isRequired\":false,\"displayName\":\"Name\",\"createTime\":\"2025-02-28T15:22:54.4451013Z\",\"updateTime\":\"2025-02-28T15:22:54.4451014Z\",\"isSystemField\":false,\"isAttachment\":false,\"isRbacEnabled\":false,\"isModelReserved\":false,\"isVirtualField\":false}},\"referenceType\":\"ManyToOne\",\"sqlType\":{\"name\":\"UNIQUEIDENTIFIER\"},\"isRequired\":true,\"displayName\":\"CreatedBy\",\"description\":\"System built-in field\",\"createTime\":\"2025-02-06T07:34:07.69Z\",\"createdBy\":\"b522eb58-2f50-4ed9-8623-51f495e0c3c1\",\"updateTime\":\"2025-02-06T07:34:07.69Z\",\"isSystemField\":true,\"fieldDisplayType\":\"Relationship\",\"isAttachment\":false,\"isRbacEnabled\":false,\"isModelReserved\":false,\"isVirtualField\":false},{\"id\":\"d9d580a0-db0c-431b-ac6d-3afdbffa5305\",\"name\":\"CreateTime\",\"isPrimaryKey\":false,\"isForeignKey\":false,\"isUnique\":false,\"referenceType\":\"ManyToOne\",\"sqlType\":{\"name\":\"DATETIMEOFFSET\"},\"isRequired\":true,\"displayName\":\"CreateTime\",\"description\":\"System built-in field\",\"createTime\":\"2025-02-06T07:34:07.69Z\",\"createdBy\":\"b522eb58-2f50-4ed9-8623-51f495e0c3c1\",\"updateTime\":\"2025-02-06T07:34:07.69Z\",\"isSystemField\":true,\"isAttachment\":false,\"isRbacEnabled\":false,\"isModelReserved\":false,\"isVirtualField\":false},{\"id\":\"47b88bda-f9b3-418f-8781-6ff7f4b6b253\",\"name\":\"Id\",\"isPrimaryKey\":true,\"isForeignKey\":false,\"isUnique\":false,\"referenceType\":\"ManyToOne\",\"sqlType\":{\"name\":\"UNIQUEIDENTIFIER\"},\"isRequired\":true,\"displayName\":\"Id\",\"description\":\"System built-in field\",\"createTime\":\"2025-02-06T07:34:07.69Z\",\"createdBy\":\"b522eb58-2f50-4ed9-8623-51f495e0c3c1\",\"updateTime\":\"2025-02-06T07:34:07.69Z\",\"isSystemField\":true,\"isAttachment\":false,\"isRbacEnabled\":false,\"isModelReserved\":false,\"isVirtualField\":false},{\"id\":\"ee14bd8f-5de4-ef11-88f8-002248a13f40\",\"name\":\"LastRun\",\"isPrimaryKey\":false,\"isForeignKey\":false,\"isUnique\":false,\"referenceType\":\"ManyToOne\",\"sqlType\":{\"name\":\"DATETIMEOFFSET\",\"lengthLimit\":200},\"isRequired\":true,\"displayName\":\"LastRun\",\"description\":\"\",\"createTime\":\"2025-02-06T07:39:57.637Z\",\"createdBy\":\"b522eb58-2f50-4ed9-8623-51f495e0c3c1\",\"updateTime\":\"2025-02-06T07:39:57.637Z\",\"updatedBy\":\"b522eb58-2f50-4ed9-8623-51f495e0c3c1\",\"isSystemField\":false,\"isAttachment\":false,\"isRbacEnabled\":false,\"isModelReserved\":false,\"isVirtualField\":false},{\"id\":\"847c15dc-5ce4-ef11-88f8-002248a13f40\",\"name\":\"Process\",\"isPrimaryKey\":false,\"isForeignKey\":false,\"isUnique\":false,\"referenceType\":\"ManyToOne\",\"sqlType\":{\"name\":\"NVARCHAR\",\"lengthLimit\":200},\"isRequired\":true,\"displayName\":\"Process\",\"description\":\"\",\"createTime\":\"2025-02-06T07:34:56.227Z\",\"createdBy\":\"b522eb58-2f50-4ed9-8623-51f495e0c3c1\",\"updateTime\":\"2025-02-06T07:34:56.227Z\",\"updatedBy\":\"b522eb58-2f50-4ed9-8623-51f495e0c3c1\",\"isSystemField\":false,\"isAttachment\":false,\"isRbacEnabled\":false,\"isModelReserved\":false,\"isVirtualField\":false},{\"id\":\"60cb0e00-5ee4-ef11-88f8-002248a13f40\",\"name\":\"ReportFile\",\"isPrimaryKey\":false,\"isForeignKey\":true,\"isUnique\":false,\"referenceName\":\"fk_ReportFile_b43b9425-51ba-4df9-8bcc-7d1b9f11b98e\",\"referenceEntity\":{\"name\":\"EntityAttachment\",\"displayName\":\"EntityAttachment\",\"entityTypeId\":2,\"entityType\":\"InternalEntity\",\"isRbacEnabled\":false,\"invalidIdentifiers\":[],\"isModelReserved\":false,\"id\":\"54d509ef-29e4-ef11-88f8-002248a13f40\"},\"referenceField\":{\"id\":\"9d3d09d3-8c72-44d8-bc97-3cf5c20371f0\",\"definition\":{\"name\":\"Name\",\"isPrimaryKey\":false,\"isForeignKey\":false,\"isUnique\":false,\"referenceType\":\"ManyToOne\",\"sqlType\":{\"name\":\"NVARCHAR\",\"lengthLimit\":4000},\"isRequired\":false,\"displayName\":\"Name\",\"createTime\":\"2025-02-28T15:22:54.4451032Z\",\"updateTime\":\"2025-02-28T15:22:54.4451032Z\",\"isSystemField\":false,\"isAttachment\":false,\"isRbacEnabled\":false,\"isModelReserved\":false,\"isVirtualField\":false}},\"referenceType\":\"ManyToOne\",\"sqlType\":{\"name\":\"UNIQUEIDENTIFIER\"},\"isRequired\":false,\"displayName\":\"ReportFile\",\"description\":\"\",\"createTime\":\"2025-02-06T07:43:06.07Z\",\"createdBy\":\"b522eb58-2f50-4ed9-8623-51f495e0c3c1\",\"updateTime\":\"2025-02-06T07:43:06.07Z\",\"updatedBy\":\"b522eb58-2f50-4ed9-8623-51f495e0c3c1\",\"isSystemField\":false,\"fieldDisplayType\":\"File\",\"isAttachment\":true,\"isRbacEnabled\":false,\"isModelReserved\":false,\"isVirtualField\":false},{\"id\":\"dbefef35-2ef1-ef11-90cb-002248a1377f\",\"name\":\"RunBy\",\"isPrimaryKey\":false,\"isForeignKey\":false,\"isUnique\":false,\"referenceType\":\"ManyToOne\",\"sqlType\":{\"name\":\"NVARCHAR\",\"lengthLimit\":200},\"isRequired\":false,\"displayName\":\"RunBy\",\"description\":\"\",\"createTime\":\"2025-02-22T15:03:45.74Z\",\"createdBy\":\"8c323b3a-5f91-4237-999d-ee2c0969be7e\",\"updateTime\":\"2025-02-22T15:03:45.74Z\",\"updatedBy\":\"8c323b3a-5f91-4237-999d-ee2c0969be7e\",\"isSystemField\":false,\"isAttachment\":false,\"isRbacEnabled\":false,\"isModelReserved\":false,\"isVirtualField\":false},{\"id\":\"b6b75d5c-5de4-ef11-88f8-002248a13f40\",\"name\":\"Status\",\"isPrimaryKey\":false,\"isForeignKey\":false,\"isUnique\":false,\"referenceType\":\"ManyToOne\",\"sqlType\":{\"name\":\"NVARCHAR\",\"lengthLimit\":200},\"isRequired\":true,\"displayName\":\"Status\",\"description\":\"\",\"createTime\":\"2025-02-06T07:38:31.443Z\",\"createdBy\":\"b522eb58-2f50-4ed9-8623-51f495e0c3c1\",\"updateTime\":\"2025-02-06T07:38:31.443Z\",\"updatedBy\":\"b522eb58-2f50-4ed9-8623-51f495e0c3c1\",\"isSystemField\":false,\"isAttachment\":false,\"isRbacEnabled\":false,\"isModelReserved\":false,\"isVirtualField\":false},{\"id\":\"1983ad35-ff67-4dca-a51d-9a75770c2e4c\",\"name\":\"UpdatedBy\",\"isPrimaryKey\":false,\"isForeignKey\":true,\"isUnique\":false,\"referenceName\":\"fk_UpdatedBy_bd28eac2-e861-45ad-b6ef-bc851d22be54\",\"referenceEntity\":{\"name\":\"SystemUser\",\"displayName\":\"System Users\",\"entityTypeId\":3,\"entityType\":\"SystemEntity\",\"isRbacEnabled\":false,\"invalidIdentifiers\":[],\"isModelReserved\":false,\"id\":\"7bd9f725-61e1-ef11-88f8-002248a1377f\"},\"referenceField\":{\"id\":\"7f9e1476-68e8-4d0c-8993-dc9c285da959\",\"definition\":{\"name\":\"Name\",\"isPrimaryKey\":false,\"isForeignKey\":false,\"isUnique\":false,\"referenceType\":\"ManyToOne\",\"sqlType\":{\"name\":\"NVARCHAR\",\"lengthLimit\":512},\"isRequired\":false,\"displayName\":\"Name\",\"createTime\":\"2025-02-28T15:22:54.4451057Z\",\"updateTime\":\"2025-02-28T15:22:54.4451058Z\",\"isSystemField\":false,\"isAttachment\":false,\"isRbacEnabled\":false,\"isModelReserved\":false,\"isVirtualField\":false}},\"referenceType\":\"ManyToOne\",\"sqlType\":{\"name\":\"UNIQUEIDENTIFIER\"},\"isRequired\":false,\"displayName\":\"UpdatedBy\",\"description\":\"System built-in field\",\"createTime\":\"2025-02-06T07:34:07.69Z\",\"createdBy\":\"b522eb58-2f50-4ed9-8623-51f495e0c3c1\",\"updateTime\":\"2025-02-06T07:34:07.69Z\",\"isSystemField\":true,\"fieldDisplayType\":\"Relationship\",\"isAttachment\":false,\"isRbacEnabled\":false,\"isModelReserved\":false,\"isVirtualField\":false},{\"id\":\"8d4c3f7a-03e6-4873-b131-b01a41df9a77\",\"name\":\"UpdateTime\",\"isPrimaryKey\":false,\"isForeignKey\":false,\"isUnique\":false,\"referenceType\":\"ManyToOne\",\"sqlType\":{\"name\":\"DATETIMEOFFSET\"},\"isRequired\":false,\"displayName\":\"UpdateTime\",\"description\":\"System built-in field\",\"createTime\":\"2025-02-06T07:34:07.69Z\",\"createdBy\":\"b522eb58-2f50-4ed9-8623-51f495e0c3c1\",\"updateTime\":\"2025-02-06T07:34:07.69Z\",\"isSystemField\":true,\"isAttachment\":false,\"isRbacEnabled\":false,\"isModelReserved\":false,\"isVirtualField\":false}],\"recordCount\":5,\"storageSizeInMB\":0.140625,\"usedStorageSizeInMB\":0.03125,\"isRbacEnabled\":false,\"invalidIdentifiers\":[],\"isModelReserved\":false,\"id\":\"a2901ebf-5ce4-ef11-88f8-002248a13f40\",\"createdBy\":\"b522eb58-2f50-4ed9-8623-51f495e0c3c1\",\"createTime\":\"2025-02-06T07:34:07.633Z\",\"updateTime\":\"2025-02-28T15:22:39.777Z\",\"updatedBy\":\"8c323b3a-5f91-4237-999d-ee2c0969be7e\"},{\"name\":\"AutomationProject\",\"displayName\":\"Automation Project\",\"entityTypeId\":0,\"entityType\":\"Entity\",\"description\":\"\",\"fields\":[{\"id\":\"a58c3a39-27f1-ef11-90cb-002248a1377f\",\"name\":\"appUserId\",\"isPrimaryKey\":false,\"isForeignKey\":true,\"isUnique\":false,\"referenceName\":\"fk_appUserId_589dec0e-52a5-41b4-ac10-e8fa766b1825\",\"referenceEntity\":{\"name\":\"AppUser\",\"displayName\":\"App User\",\"entityTypeId\":0,\"entityType\":\"Entity\",\"isRbacEnabled\":false,\"invalidIdentifiers\":[],\"isModelReserved\":false,\"id\":\"617fffca-03e5-ef11-90cb-002248a1377f\"},\"referenceField\":{\"id\":\"3a6bd530-b4b5-404f-a9df-cc0fd8ef2739\",\"definition\":{\"name\":\"Id\",\"isPrimaryKey\":false,\"isForeignKey\":false,\"isUnique\":false,\"referenceType\":\"ManyToOne\",\"sqlType\":{\"name\":\"UNIQUEIDENTIFIER\"},\"isRequired\":false,\"displayName\":\"Id\",\"createTime\":\"2025-02-28T15:22:54.4451065Z\",\"updateTime\":\"2025-02-28T15:22:54.4451065Z\",\"isSystemField\":false,\"isAttachment\":false,\"isRbacEnabled\":false,\"isModelReserved\":false,\"isVirtualField\":false}},\"referenceType\":\"ManyToOne\",\"sqlType\":{\"name\":\"UNIQUEIDENTIFIER\",\"lengthLimit\":200},\"isRequired\":true,\"displayName\":\"appUserId\",\"description\":\"\",\"createTime\":\"2025-02-22T14:13:44.787Z\",\"createdBy\":\"8c323b3a-5f91-4237-999d-ee2c0969be7e\",\"updateTime\":\"2025-02-22T14:13:44.787Z\",\"updatedBy\":\"8c323b3a-5f91-4237-999d-ee2c0969be7e\",\"isSystemField\":false,\"fieldDisplayType\":\"Relationship\",\"isAttachment\":false,\"isRbacEnabled\":false,\"isModelReserved\":false,\"isVirtualField\":false},{\"id\":\"25545028-01f8-44b4-98f6-162a7b68530e\",\"name\":\"CreatedBy\",\"isPrimaryKey\":false,\"isForeignKey\":true,\"isUnique\":false,\"referenceName\":\"fk_CreatedBy_4b81c0a9-a2b8-44ed-93ba-ebcfa906a08d\",\"referenceEntity\":{\"name\":\"SystemUser\",\"displayName\":\"System Users\",\"entityTypeId\":3,\"entityType\":\"SystemEntity\",\"isRbacEnabled\":false,\"invalidIdentifiers\":[],\"isModelReserved\":false,\"id\":\"7bd9f725-61e1-ef11-88f8-002248a1377f\"},\"referenceField\":{\"id\":\"7f9e1476-68e8-4d0c-8993-dc9c285da959\",\"definition\":{\"name\":\"Name\",\"isPrimaryKey\":false,\"isForeignKey\":false,\"isUnique\":false,\"referenceType\":\"ManyToOne\",\"sqlType\":{\"name\":\"NVARCHAR\",\"lengthLimit\":512},\"isRequired\":false,\"displayName\":\"Name\",\"createTime\":\"2025-02-28T15:22:54.445109Z\",\"updateTime\":\"2025-02-28T15:22:54.445109Z\",\"isSystemField\":false,\"isAttachment\":false,\"isRbacEnabled\":false,\"isModelReserved\":false,\"isVirtualField\":false}},\"referenceType\":\"ManyToOne\",\"sqlType\":{\"name\":\"UNIQUEIDENTIFIER\"},\"isRequired\":true,\"displayName\":\"CreatedBy\",\"description\":\"System built-in field\",\"createTime\":\"2025-02-06T01:20:18.033Z\",\"createdBy\":\"b522eb58-2f50-4ed9-8623-51f495e0c3c1\",\"updateTime\":\"2025-02-06T01:20:18.033Z\",\"isSystemField\":true,\"fieldDisplayType\":\"Relationship\",\"isAttachment\":false,\"isRbacEnabled\":false,\"isModelReserved\":false,\"isVirtualField\":false},{\"id\":\"27fda942-bcf1-ef11-90cb-002248a1377f\",\"name\":\"CreatedByName\",\"isPrimaryKey\":false,\"isForeignKey\":false,\"isUnique\":false,\"referenceType\":\"ManyToOne\",\"sqlType\":{\"name\":\"NVARCHAR\",\"lengthLimit\":200},\"isRequired\":false,\"displayName\":\"CreatedByName\",\"description\":\"\",\"createTime\":\"2025-02-23T08:00:35.633Z\",\"createdBy\":\"8c323b3a-5f91-4237-999d-ee2c0969be7e\",\"updateTime\":\"2025-02-23T08:00:35.633Z\",\"updatedBy\":\"8c323b3a-5f91-4237-999d-ee2c0969be7e\",\"isSystemField\":false,\"isAttachment\":false,\"isRbacEnabled\":false,\"isModelReserved\":false,\"isVirtualField\":false},{\"id\":\"88d5fc21-13b2-4ead-bb15-be7dc4bcb6ee\",\"name\":\"CreateTime\",\"isPrimaryKey\":false,\"isForeignKey\":false,\"isUnique\":false,\"referenceType\":\"ManyToOne\",\"sqlType\":{\"name\":\"DATETIMEOFFSET\"},\"isRequired\":true,\"displayName\":\"CreateTime\",\"description\":\"System built-in field\",\"createTime\":\"2025-02-06T01:20:18.033Z\",\"createdBy\":\"b522eb58-2f50-4ed9-8623-51f495e0c3c1\",\"updateTime\":\"2025-02-06T01:20:18.033Z\",\"isSystemField\":true,\"isAttachment\":false,\"isRbacEnabled\":false,\"isModelReserved\":false,\"isVirtualField\":false},{\"id\":\"61d509ef-29e4-ef11-88f8-002248a13f40\",\"name\":\"ExcelDataFile\",\"isPrimaryKey\":false,\"isForeignKey\":true,\"isUnique\":false,\"referenceName\":\"fk_ExcelDataFile_4179e96f-51e7-4f01-81b3-2ecd1e917835\",\"referenceEntity\":{\"name\":\"EntityAttachment\",\"displayName\":\"EntityAttachment\",\"entityTypeId\":2,\"entityType\":\"InternalEntity\",\"isRbacEnabled\":false,\"invalidIdentifiers\":[],\"isModelReserved\":false,\"id\":\"54d509ef-29e4-ef11-88f8-002248a13f40\"},\"referenceField\":{\"id\":\"9d3d09d3-8c72-44d8-bc97-3cf5c20371f0\",\"definition\":{\"name\":\"Name\",\"isPrimaryKey\":false,\"isForeignKey\":false,\"isUnique\":false,\"referenceType\":\"ManyToOne\",\"sqlType\":{\"name\":\"NVARCHAR\",\"lengthLimit\":4000},\"isRequired\":false,\"displayName\":\"Name\",\"createTime\":\"2025-02-28T15:22:54.4451099Z\",\"updateTime\":\"2025-02-28T15:22:54.44511Z\",\"isSystemField\":false,\"isAttachment\":false,\"isRbacEnabled\":false,\"isModelReserved\":false,\"isVirtualField\":false}},\"referenceType\":\"ManyToOne\",\"sqlType\":{\"name\":\"UNIQUEIDENTIFIER\"},\"isRequired\":false,\"displayName\":\"ExcelDataFile\",\"description\":\"\",\"createTime\":\"2025-02-06T01:30:23.94Z\",\"createdBy\":\"b522eb58-2f50-4ed9-8623-51f495e0c3c1\",\"updateTime\":\"2025-02-06T01:30:23.94Z\",\"updatedBy\":\"b522eb58-2f50-4ed9-8623-51f495e0c3c1\",\"isSystemField\":false,\"fieldDisplayType\":\"File\",\"isAttachment\":true,\"isRbacEnabled\":false,\"isModelReserved\":false,\"isVirtualField\":false},{\"id\":\"1fba3aec-b1e6-ef11-90cb-002248a1377f\",\"name\":\"ExcelDataFileName\",\"isPrimaryKey\":false,\"isForeignKey\":false,\"isUnique\":false,\"referenceType\":\"ManyToOne\",\"sqlType\":{\"name\":\"NVARCHAR\",\"lengthLimit\":200},\"isRequired\":false,\"displayName\":\"ExcelDataFileName\",\"description\":\"\",\"createTime\":\"2025-02-09T06:48:52.867Z\",\"createdBy\":\"8c323b3a-5f91-4237-999d-ee2c0969be7e\",\"updateTime\":\"2025-02-09T06:48:52.867Z\",\"updatedBy\":\"8c323b3a-5f91-4237-999d-ee2c0969be7e\",\"isSystemField\":false,\"isAttachment\":false,\"isRbacEnabled\":false,\"isModelReserved\":false,\"isVirtualField\":false},{\"id\":\"3f0d162c-8376-4096-b353-b0b05fc6fd7b\",\"name\":\"Id\",\"isPrimaryKey\":true,\"isForeignKey\":false,\"isUnique\":false,\"referenceType\":\"ManyToOne\",\"sqlType\":{\"name\":\"UNIQUEIDENTIFIER\"},\"isRequired\":true,\"displayName\":\"Id\",\"description\":\"System built-in field\",\"createTime\":\"2025-02-06T01:20:18.033Z\",\"createdBy\":\"b522eb58-2f50-4ed9-8623-51f495e0c3c1\",\"updateTime\":\"2025-02-06T01:20:18.033Z\",\"isSystemField\":true,\"isAttachment\":false,\"isRbacEnabled\":false,\"isModelReserved\":false,\"isVirtualField\":false},{\"id\":\"ef89f667-2ae4-ef11-88f8-002248a13f40\",\"name\":\"ImageFile\",\"isPrimaryKey\":false,\"isForeignKey\":true,\"isUnique\":false,\"referenceName\":\"fk_ImageFile_cc4582f8-33c1-4b1c-b3f4-62be5943b23f\",\"referenceEntity\":{\"name\":\"EntityAttachment\",\"displayName\":\"EntityAttachment\",\"entityTypeId\":2,\"entityType\":\"InternalEntity\",\"isRbacEnabled\":false,\"invalidIdentifiers\":[],\"isModelReserved\":false,\"id\":\"54d509ef-29e4-ef11-88f8-002248a13f40\"},\"referenceField\":{\"id\":\"9d3d09d3-8c72-44d8-bc97-3cf5c20371f0\",\"definition\":{\"name\":\"Name\",\"isPrimaryKey\":false,\"isForeignKey\":false,\"isUnique\":false,\"referenceType\":\"ManyToOne\",\"sqlType\":{\"name\":\"NVARCHAR\",\"lengthLimit\":4000},\"isRequired\":false,\"displayName\":\"Name\",\"createTime\":\"2025-02-28T15:22:54.4451111Z\",\"updateTime\":\"2025-02-28T15:22:54.4451111Z\",\"isSystemField\":false,\"isAttachment\":false,\"isRbacEnabled\":false,\"isModelReserved\":false,\"isVirtualField\":false}},\"referenceType\":\"ManyToOne\",\"sqlType\":{\"name\":\"UNIQUEIDENTIFIER\"},\"isRequired\":false,\"displayName\":\"ImageFile\",\"description\":\"\",\"createTime\":\"2025-02-06T01:33:46.57Z\",\"createdBy\":\"b522eb58-2f50-4ed9-8623-51f495e0c3c1\",\"updateTime\":\"2025-02-06T01:33:46.57Z\",\"updatedBy\":\"b522eb58-2f50-4ed9-8623-51f495e0c3c1\",\"isSystemField\":false,\"fieldDisplayType\":\"File\",\"isAttachment\":true,\"isRbacEnabled\":false,\"isModelReserved\":false,\"isVirtualField\":false},{\"id\":\"20ba3aec-b1e6-ef11-90cb-002248a1377f\",\"name\":\"ImageFileName\",\"isPrimaryKey\":false,\"isForeignKey\":false,\"isUnique\":false,\"referenceType\":\"ManyToOne\",\"sqlType\":{\"name\":\"NVARCHAR\",\"lengthLimit\":200},\"isRequired\":false,\"displayName\":\"ImageFileName\",\"description\":\"\",\"createTime\":\"2025-02-09T06:48:59.717Z\",\"createdBy\":\"8c323b3a-5f91-4237-999d-ee2c0969be7e\",\"updateTime\":\"2025-02-09T06:48:59.717Z\",\"updatedBy\":\"8c323b3a-5f91-4237-999d-ee2c0969be7e\",\"isSystemField\":false,\"isAttachment\":false,\"isRbacEnabled\":false,\"isModelReserved\":false,\"isVirtualField\":false},{\"id\":\"1759d856-2ae4-ef11-88f8-002248a13f40\",\"name\":\"MessageFile\",\"isPrimaryKey\":false,\"isForeignKey\":true,\"isUnique\":false,\"referenceName\":\"fk_MessageFile_925d0d79-ddf7-4e6d-875b-969a8d35a851\",\"referenceEntity\":{\"name\":\"EntityAttachment\",\"displayName\":\"EntityAttachment\",\"entityTypeId\":2,\"entityType\":\"InternalEntity\",\"isRbacEnabled\":false,\"invalidIdentifiers\":[],\"isModelReserved\":false,\"id\":\"54d509ef-29e4-ef11-88f8-002248a13f40\"},\"referenceField\":{\"id\":\"9d3d09d3-8c72-44d8-bc97-3cf5c20371f0\",\"definition\":{\"name\":\"Name\",\"isPrimaryKey\":false,\"isForeignKey\":false,\"isUnique\":false,\"referenceType\":\"ManyToOne\",\"sqlType\":{\"name\":\"NVARCHAR\",\"lengthLimit\":4000},\"isRequired\":false,\"displayName\":\"Name\",\"createTime\":\"2025-02-28T15:22:54.4451137Z\",\"updateTime\":\"2025-02-28T15:22:54.4451137Z\",\"isSystemField\":false,\"isAttachment\":false,\"isRbacEnabled\":false,\"isModelReserved\":false,\"isVirtualField\":false}},\"referenceType\":\"ManyToOne\",\"sqlType\":{\"name\":\"UNIQUEIDENTIFIER\"},\"isRequired\":false,\"displayName\":\"MessageFile\",\"description\":\"\",\"createTime\":\"2025-02-06T01:33:17.86Z\",\"createdBy\":\"b522eb58-2f50-4ed9-8623-51f495e0c3c1\",\"updateTime\":\"2025-02-06T01:33:17.86Z\",\"updatedBy\":\"b522eb58-2f50-4ed9-8623-51f495e0c3c1\",\"isSystemField\":false,\"fieldDisplayType\":\"File\",\"isAttachment\":true,\"isRbacEnabled\":false,\"isModelReserved\":false,\"isVirtualField\":false},{\"id\":\"9326e4f4-b1e6-ef11-90cb-002248a1377f\",\"name\":\"MessageFileName\",\"isPrimaryKey\":false,\"isForeignKey\":false,\"isUnique\":false,\"referenceType\":\"ManyToOne\",\"sqlType\":{\"name\":\"NVARCHAR\",\"lengthLimit\":200},\"isRequired\":false,\"displayName\":\"MessageFileName\",\"description\":\"\",\"createTime\":\"2025-02-09T06:49:07.387Z\",\"createdBy\":\"8c323b3a-5f91-4237-999d-ee2c0969be7e\",\"updateTime\":\"2025-02-09T06:49:07.387Z\",\"updatedBy\":\"8c323b3a-5f91-4237-999d-ee2c0969be7e\",\"isSystemField\":false,\"isAttachment\":false,\"isRbacEnabled\":false,\"isModelReserved\":false,\"isVirtualField\":false},{\"id\":\"e9051f8c-29e4-ef11-88f8-002248a13f40\",\"name\":\"Name\",\"isPrimaryKey\":false,\"isForeignKey\":false,\"isUnique\":false,\"referenceType\":\"ManyToOne\",\"sqlType\":{\"name\":\"NVARCHAR\",\"lengthLimit\":200},\"isRequired\":true,\"displayName\":\"Name\",\"description\":\"\",\"createTime\":\"2025-02-06T01:27:37.75Z\",\"createdBy\":\"b522eb58-2f50-4ed9-8623-51f495e0c3c1\",\"updateTime\":\"2025-02-06T01:27:37.75Z\",\"updatedBy\":\"b522eb58-2f50-4ed9-8623-51f495e0c3c1\",\"isSystemField\":false,\"isAttachment\":false,\"isRbacEnabled\":false,\"isModelReserved\":false,\"isVirtualField\":false},{\"id\":\"2406951f-ef28-42df-b1ab-725c15493a4e\",\"name\":\"UpdatedBy\",\"isPrimaryKey\":false,\"isForeignKey\":true,\"isUnique\":false,\"referenceName\":\"fk_UpdatedBy_9ba6d462-3ff5-444e-8a5a-4361c0530fef\",\"referenceEntity\":{\"name\":\"SystemUser\",\"displayName\":\"System Users\",\"entityTypeId\":3,\"entityType\":\"SystemEntity\",\"isRbacEnabled\":false,\"invalidIdentifiers\":[],\"isModelReserved\":false,\"id\":\"7bd9f725-61e1-ef11-88f8-002248a1377f\"},\"referenceField\":{\"id\":\"7f9e1476-68e8-4d0c-8993-dc9c285da959\",\"definition\":{\"name\":\"Name\",\"isPrimaryKey\":false,\"isForeignKey\":false,\"isUnique\":false,\"referenceType\":\"ManyToOne\",\"sqlType\":{\"name\":\"NVARCHAR\",\"lengthLimit\":512},\"isRequired\":false,\"displayName\":\"Name\",\"createTime\":\"2025-02-28T15:22:54.4451172Z\",\"updateTime\":\"2025-02-28T15:22:54.4451173Z\",\"isSystemField\":false,\"isAttachment\":false,\"isRbacEnabled\":false,\"isModelReserved\":false,\"isVirtualField\":false}},\"referenceType\":\"ManyToOne\",\"sqlType\":{\"name\":\"UNIQUEIDENTIFIER\"},\"isRequired\":false,\"displayName\":\"UpdatedBy\",\"description\":\"System built-in field\",\"createTime\":\"2025-02-06T01:20:18.033Z\",\"createdBy\":\"b522eb58-2f50-4ed9-8623-51f495e0c3c1\",\"updateTime\":\"2025-02-06T01:20:18.033Z\",\"isSystemField\":true,\"fieldDisplayType\":\"Relationship\",\"isAttachment\":false,\"isRbacEnabled\":false,\"isModelReserved\":false,\"isVirtualField\":false},{\"id\":\"ad20d5f0-f922-4a10-be28-490e5d1d3507\",\"name\":\"UpdateTime\",\"isPrimaryKey\":false,\"isForeignKey\":false,\"isUnique\":false,\"referenceType\":\"ManyToOne\",\"sqlType\":{\"name\":\"DATETIMEOFFSET\"},\"isRequired\":false,\"displayName\":\"UpdateTime\",\"description\":\"System built-in field\",\"createTime\":\"2025-02-06T01:20:18.033Z\",\"createdBy\":\"b522eb58-2f50-4ed9-8623-51f495e0c3c1\",\"updateTime\":\"2025-02-06T01:20:18.033Z\",\"isSystemField\":true,\"isAttachment\":false,\"isRbacEnabled\":false,\"isModelReserved\":false,\"isVirtualField\":false}],\"recordCount\":12,\"storageSizeInMB\":0.140625,\"usedStorageSizeInMB\":0.03125,\"isRbacEnabled\":false,\"invalidIdentifiers\":[],\"isModelReserved\":false,\"id\":\"d595f585-28e4-ef11-88f8-002248a13f40\",\"createdBy\":\"b522eb58-2f50-4ed9-8623-51f495e0c3c1\",\"createTime\":\"2025-02-06T01:20:17.91Z\",\"updateTime\":\"2025-02-23T08:00:35.63Z\",\"updatedBy\":\"8c323b3a-5f91-4237-999d-ee2c0969be7e\"},{\"name\":\"FilterData\",\"displayName\":\"Filter Data\",\"entityTypeId\":0,\"entityType\":\"Entity\",\"description\":\"\",\"fields\":[{\"id\":\"3590f764-27f1-ef11-90cb-002248a1377f\",\"name\":\"automationProcessId\",\"isPrimaryKey\":false,\"isForeignKey\":true,\"isUnique\":false,\"referenceName\":\"fk_automationProcessId_253b8266-69ae-43cc-9a34-514154a14424\",\"referenceEntity\":{\"name\":\"AutomationProject\",\"displayName\":\"Automation Project\",\"entityTypeId\":0,\"entityType\":\"Entity\",\"isRbacEnabled\":false,\"invalidIdentifiers\":[],\"isModelReserved\":false,\"id\":\"d595f585-28e4-ef11-88f8-002248a13f40\"},\"referenceField\":{\"id\":\"3f0d162c-8376-4096-b353-b0b05fc6fd7b\",\"definition\":{\"name\":\"Id\",\"isPrimaryKey\":false,\"isForeignKey\":false,\"isUnique\":false,\"referenceType\":\"ManyToOne\",\"sqlType\":{\"name\":\"UNIQUEIDENTIFIER\"},\"isRequired\":false,\"displayName\":\"Id\",\"createTime\":\"2025-02-28T15:22:54.445118Z\",\"updateTime\":\"2025-02-28T15:22:54.4451181Z\",\"isSystemField\":false,\"isAttachment\":false,\"isRbacEnabled\":false,\"isModelReserved\":false,\"isVirtualField\":false}},\"referenceType\":\"ManyToOne\",\"sqlType\":{\"name\":\"UNIQUEIDENTIFIER\",\"lengthLimit\":200},\"isRequired\":true,\"displayName\":\"automationProcessId\",\"description\":\"\",\"createTime\":\"2025-02-22T14:14:58.167Z\",\"createdBy\":\"8c323b3a-5f91-4237-999d-ee2c0969be7e\",\"updateTime\":\"2025-02-22T14:14:58.167Z\",\"updatedBy\":\"8c323b3a-5f91-4237-999d-ee2c0969be7e\",\"isSystemField\":false,\"fieldDisplayType\":\"Relationship\",\"isAttachment\":false,\"isRbacEnabled\":false,\"isModelReserved\":false,\"isVirtualField\":false},{\"id\":\"5cfcd561-27e6-ef11-90cb-002248a1377f\",\"name\":\"ColumnName\",\"isPrimaryKey\":false,\"isForeignKey\":false,\"isUnique\":false,\"referenceType\":\"ManyToOne\",\"sqlType\":{\"name\":\"NVARCHAR\",\"lengthLimit\":200},\"isRequired\":false,\"displayName\":\"ColumnName\",\"description\":\"\",\"createTime\":\"2025-02-08T14:17:19.897Z\",\"createdBy\":\"8c323b3a-5f91-4237-999d-ee2c0969be7e\",\"updateTime\":\"2025-02-08T14:17:49.49Z\",\"updatedBy\":\"8c323b3a-5f91-4237-999d-ee2c0969be7e\",\"isSystemField\":false,\"isAttachment\":false,\"isRbacEnabled\":false,\"isModelReserved\":false,\"isVirtualField\":false},{\"id\":\"32c4af62-000f-407d-ac8f-b21443ac0778\",\"name\":\"CreatedBy\",\"isPrimaryKey\":false,\"isForeignKey\":true,\"isUnique\":false,\"referenceName\":\"fk_CreatedBy_edacc9b0-79da-4cdc-921f-757612776592\",\"referenceEntity\":{\"name\":\"SystemUser\",\"displayName\":\"System Users\",\"entityTypeId\":3,\"entityType\":\"SystemEntity\",\"isRbacEnabled\":false,\"invalidIdentifiers\":[],\"isModelReserved\":false,\"id\":\"7bd9f725-61e1-ef11-88f8-002248a1377f\"},\"referenceField\":{\"id\":\"7f9e1476-68e8-4d0c-8993-dc9c285da959\",\"definition\":{\"name\":\"Name\",\"isPrimaryKey\":false,\"isForeignKey\":false,\"isUnique\":false,\"referenceType\":\"ManyToOne\",\"sqlType\":{\"name\":\"NVARCHAR\",\"lengthLimit\":512},\"isRequired\":false,\"displayName\":\"Name\",\"createTime\":\"2025-02-28T15:22:54.445119Z\",\"updateTime\":\"2025-02-28T15:22:54.445119Z\",\"isSystemField\":false,\"isAttachment\":false,\"isRbacEnabled\":false,\"isModelReserved\":false,\"isVirtualField\":false}},\"referenceType\":\"ManyToOne\",\"sqlType\":{\"name\":\"UNIQUEIDENTIFIER\"},\"isRequired\":true,\"displayName\":\"CreatedBy\",\"description\":\"System built-in field\",\"createTime\":\"2025-02-08T14:15:06.587Z\",\"createdBy\":\"8c323b3a-5f91-4237-999d-ee2c0969be7e\",\"updateTime\":\"2025-02-08T14:15:06.587Z\",\"isSystemField\":true,\"fieldDisplayType\":\"Relationship\",\"isAttachment\":false,\"isRbacEnabled\":false,\"isModelReserved\":false,\"isVirtualField\":false},{\"id\":\"555ca111-4180-4e81-a252-591e3ad66e25\",\"name\":\"CreateTime\",\"isPrimaryKey\":false,\"isForeignKey\":false,\"isUnique\":false,\"referenceType\":\"ManyToOne\",\"sqlType\":{\"name\":\"DATETIMEOFFSET\"},\"isRequired\":true,\"displayName\":\"CreateTime\",\"description\":\"System built-in field\",\"createTime\":\"2025-02-08T14:15:06.587Z\",\"createdBy\":\"8c323b3a-5f91-4237-999d-ee2c0969be7e\",\"updateTime\":\"2025-02-08T14:15:06.587Z\",\"isSystemField\":true,\"isAttachment\":false,\"isRbacEnabled\":false,\"isModelReserved\":false,\"isVirtualField\":false},{\"id\":\"bf98b06b-27e6-ef11-90cb-002248a1377f\",\"name\":\"Expression\",\"isPrimaryKey\":false,\"isForeignKey\":false,\"isUnique\":false,\"referenceType\":\"ManyToOne\",\"sqlType\":{\"name\":\"NVARCHAR\",\"lengthLimit\":200},\"isRequired\":false,\"displayName\":\"Expression\",\"description\":\"\",\"createTime\":\"2025-02-08T14:17:26.657Z\",\"createdBy\":\"8c323b3a-5f91-4237-999d-ee2c0969be7e\",\"updateTime\":\"2025-02-08T14:17:26.657Z\",\"updatedBy\":\"8c323b3a-5f91-4237-999d-ee2c0969be7e\",\"isSystemField\":false,\"isAttachment\":false,\"isRbacEnabled\":false,\"isModelReserved\":false,\"isVirtualField\":false},{\"id\":\"bb1d9473-27e6-ef11-90cb-002248a1377f\",\"name\":\"FilterValue\",\"isPrimaryKey\":false,\"isForeignKey\":false,\"isUnique\":false,\"referenceType\":\"ManyToOne\",\"sqlType\":{\"name\":\"NVARCHAR\",\"lengthLimit\":200},\"isRequired\":false,\"displayName\":\"FilterValue\",\"description\":\"\",\"createTime\":\"2025-02-08T14:17:39.9Z\",\"createdBy\":\"8c323b3a-5f91-4237-999d-ee2c0969be7e\",\"updateTime\":\"2025-02-08T14:17:39.9Z\",\"updatedBy\":\"8c323b3a-5f91-4237-999d-ee2c0969be7e\",\"isSystemField\":false,\"isAttachment\":false,\"isRbacEnabled\":false,\"isModelReserved\":false,\"isVirtualField\":false},{\"id\":\"e628125d-2d3b-4255-930a-27ae9bf08983\",\"name\":\"Id\",\"isPrimaryKey\":true,\"isForeignKey\":false,\"isUnique\":false,\"referenceType\":\"ManyToOne\",\"sqlType\":{\"name\":\"UNIQUEIDENTIFIER\"},\"isRequired\":true,\"displayName\":\"Id\",\"description\":\"System built-in field\",\"createTime\":\"2025-02-08T14:15:06.587Z\",\"createdBy\":\"8c323b3a-5f91-4237-999d-ee2c0969be7e\",\"updateTime\":\"2025-02-08T14:15:06.587Z\",\"isSystemField\":true,\"isAttachment\":false,\"isRbacEnabled\":false,\"isModelReserved\":false,\"isVirtualField\":false},{\"id\":\"5bfcd561-27e6-ef11-90cb-002248a1377f\",\"name\":\"ProcessId\",\"isPrimaryKey\":false,\"isForeignKey\":false,\"isUnique\":false,\"referenceType\":\"ManyToOne\",\"sqlType\":{\"name\":\"NVARCHAR\",\"lengthLimit\":200},\"isRequired\":true,\"displayName\":\"ProcessId\",\"description\":\"\",\"createTime\":\"2025-02-08T14:17:10.133Z\",\"createdBy\":\"8c323b3a-5f91-4237-999d-ee2c0969be7e\",\"updateTime\":\"2025-02-08T14:17:10.133Z\",\"updatedBy\":\"8c323b3a-5f91-4237-999d-ee2c0969be7e\",\"isSystemField\":false,\"isAttachment\":false,\"isRbacEnabled\":false,\"isModelReserved\":false,\"isVirtualField\":false},{\"id\":\"26b670b4-cf86-4a24-99a7-f0dbcd06bef2\",\"name\":\"UpdatedBy\",\"isPrimaryKey\":false,\"isForeignKey\":true,\"isUnique\":false,\"referenceName\":\"fk_UpdatedBy_a554eeb8-d0ca-4fc9-88cf-8019060282db\",\"referenceEntity\":{\"name\":\"SystemUser\",\"displayName\":\"System Users\",\"entityTypeId\":3,\"entityType\":\"SystemEntity\",\"isRbacEnabled\":false,\"invalidIdentifiers\":[],\"isModelReserved\":false,\"id\":\"7bd9f725-61e1-ef11-88f8-002248a1377f\"},\"referenceField\":{\"id\":\"7f9e1476-68e8-4d0c-8993-dc9c285da959\",\"definition\":{\"name\":\"Name\",\"isPrimaryKey\":false,\"isForeignKey\":false,\"isUnique\":false,\"referenceType\":\"ManyToOne\",\"sqlType\":{\"name\":\"NVARCHAR\",\"lengthLimit\":512},\"isRequired\":false,\"displayName\":\"Name\",\"createTime\":\"2025-02-28T15:22:54.4451225Z\",\"updateTime\":\"2025-02-28T15:22:54.4451225Z\",\"isSystemField\":false,\"isAttachment\":false,\"isRbacEnabled\":false,\"isModelReserved\":false,\"isVirtualField\":false}},\"referenceType\":\"ManyToOne\",\"sqlType\":{\"name\":\"UNIQUEIDENTIFIER\"},\"isRequired\":false,\"displayName\":\"UpdatedBy\",\"description\":\"System built-in field\",\"createTime\":\"2025-02-08T14:15:06.587Z\",\"createdBy\":\"8c323b3a-5f91-4237-999d-ee2c0969be7e\",\"updateTime\":\"2025-02-08T14:15:06.587Z\",\"isSystemField\":true,\"fieldDisplayType\":\"Relationship\",\"isAttachment\":false,\"isRbacEnabled\":false,\"isModelReserved\":false,\"isVirtualField\":false},{\"id\":\"2402a06a-0dfc-423a-9887-537a1a6e96a7\",\"name\":\"UpdateTime\",\"isPrimaryKey\":false,\"isForeignKey\":false,\"isUnique\":false,\"referenceType\":\"ManyToOne\",\"sqlType\":{\"name\":\"DATETIMEOFFSET\"},\"isRequired\":false,\"displayName\":\"UpdateTime\",\"description\":\"System built-in field\",\"createTime\":\"2025-02-08T14:15:06.587Z\",\"createdBy\":\"8c323b3a-5f91-4237-999d-ee2c0969be7e\",\"updateTime\":\"2025-02-08T14:15:06.587Z\",\"isSystemField\":true,\"isAttachment\":false,\"isRbacEnabled\":false,\"isModelReserved\":false,\"isVirtualField\":false}],\"recordCount\":70,\"storageSizeInMB\":0.140625,\"usedStorageSizeInMB\":0.054687,\"isRbacEnabled\":false,\"invalidIdentifiers\":[],\"isModelReserved\":false,\"id\":\"9af72918-27e6-ef11-90cb-002248a1377f\",\"createdBy\":\"8c323b3a-5f91-4237-999d-ee2c0969be7e\",\"createTime\":\"2025-02-08T14:15:06.533Z\",\"updateTime\":\"2025-02-22T14:14:58.163Z\",\"updatedBy\":\"8c323b3a-5f91-4237-999d-ee2c0969be7e\"},{\"name\":\"SystemUser\",\"displayName\":\"System Users\",\"entityTypeId\":3,\"entityType\":\"SystemEntity\",\"description\":\"Contains Automation Cloud users and groups that have ever had roles assigned, or accessed Data Service\",\"fields\":[{\"id\":\"ce8464b0-cba5-4f24-92dc-18993d93cb7a\",\"name\":\"CreateTime\",\"isPrimaryKey\":false,\"isForeignKey\":false,\"isUnique\":false,\"referenceType\":\"ManyToOne\",\"sqlType\":{\"name\":\"DATETIMEOFFSET\"},\"isRequired\":true,\"displayName\":\"CreateTime\",\"description\":\"System built-in field\",\"createTime\":\"2025-02-02T12:28:04.937Z\",\"createdBy\":\"8c323b3a-5f91-4237-999d-ee2c0969be7e\",\"updateTime\":\"2025-02-02T12:28:04.937Z\",\"isSystemField\":true,\"isAttachment\":false,\"isRbacEnabled\":false,\"isModelReserved\":false,\"isVirtualField\":false},{\"id\":\"d4730dd2-561f-404c-877b-111441836bc0\",\"name\":\"Email\",\"isPrimaryKey\":false,\"isForeignKey\":false,\"isUnique\":false,\"referenceType\":\"ManyToOne\",\"sqlType\":{\"name\":\"NVARCHAR\",\"lengthLimit\":512},\"isRequired\":false,\"displayName\":\"E-mail\",\"description\":\"System built-in field\",\"createTime\":\"2025-02-02T12:28:04.937Z\",\"createdBy\":\"8c323b3a-5f91-4237-999d-ee2c0969be7e\",\"updateTime\":\"2025-02-02T12:28:04.937Z\",\"isSystemField\":true,\"isAttachment\":false,\"isRbacEnabled\":false,\"isModelReserved\":false,\"isVirtualField\":false},{\"id\":\"ee458565-22be-4d1e-849d-f0eea8920222\",\"name\":\"Id\",\"isPrimaryKey\":true,\"isForeignKey\":false,\"isUnique\":false,\"referenceType\":\"ManyToOne\",\"sqlType\":{\"name\":\"UNIQUEIDENTIFIER\"},\"isRequired\":true,\"displayName\":\"Id\",\"description\":\"System built-in field\",\"createTime\":\"2025-02-02T12:28:04.937Z\",\"createdBy\":\"8c323b3a-5f91-4237-999d-ee2c0969be7e\",\"updateTime\":\"2025-02-02T12:28:04.937Z\",\"isSystemField\":true,\"isAttachment\":false,\"isRbacEnabled\":false,\"isModelReserved\":false,\"isVirtualField\":false},{\"id\":\"6056b74a-e7c8-4d59-a283-afc9b33187fc\",\"name\":\"IsActive\",\"isPrimaryKey\":false,\"isForeignKey\":false,\"isUnique\":false,\"referenceType\":\"ManyToOne\",\"sqlType\":{\"name\":\"BIT\"},\"isRequired\":true,\"displayName\":\"IsActive\",\"description\":\"System built-in field\",\"createTime\":\"2025-02-02T12:28:04.937Z\",\"createdBy\":\"8c323b3a-5f91-4237-999d-ee2c0969be7e\",\"updateTime\":\"2025-02-02T12:28:04.937Z\",\"isSystemField\":true,\"isAttachment\":false,\"isRbacEnabled\":false,\"isModelReserved\":false,\"isVirtualField\":false},{\"id\":\"7f9e1476-68e8-4d0c-8993-dc9c285da959\",\"name\":\"Name\",\"isPrimaryKey\":false,\"isForeignKey\":false,\"isUnique\":false,\"referenceType\":\"ManyToOne\",\"sqlType\":{\"name\":\"NVARCHAR\",\"lengthLimit\":512},\"isRequired\":true,\"displayName\":\"Name\",\"description\":\"System built-in field\",\"createTime\":\"2025-02-02T12:28:04.937Z\",\"createdBy\":\"8c323b3a-5f91-4237-999d-ee2c0969be7e\",\"updateTime\":\"2025-02-02T12:28:04.937Z\",\"isSystemField\":true,\"isAttachment\":false,\"isRbacEnabled\":false,\"isModelReserved\":false,\"isVirtualField\":false},{\"id\":\"43b87dd8-a08d-49c7-9ddc-ef2a3340a484\",\"name\":\"Type\",\"isPrimaryKey\":false,\"isForeignKey\":false,\"isUnique\":false,\"referenceChoiceSet\":{\"name\":\"UserType\",\"entityTypeId\":0,\"entityType\":\"Entity\",\"isRbacEnabled\":false,\"invalidIdentifiers\":[],\"isModelReserved\":false},\"referenceType\":\"ManyToOne\",\"sqlType\":{\"name\":\"INT\",\"maxValue\":9007199254740991.0,\"minValue\":-9007199254740991.0},\"isRequired\":true,\"displayName\":\"Type\",\"description\":\"System built-in field\",\"createTime\":\"2025-02-02T12:28:04.937Z\",\"createdBy\":\"8c323b3a-5f91-4237-999d-ee2c0969be7e\",\"updateTime\":\"2025-02-02T12:28:04.937Z\",\"isSystemField\":true,\"fieldDisplayType\":\"ChoiceSetSingle\",\"choiceSetId\":\"74d9f725-61e1-ef11-88f8-002248a1377f\",\"isAttachment\":false,\"isRbacEnabled\":false,\"isModelReserved\":false,\"isVirtualField\":false},{\"id\":\"145a0572-9309-445d-8b56-fd03ea7e3d6f\",\"name\":\"UpdateTime\",\"isPrimaryKey\":false,\"isForeignKey\":false,\"isUnique\":false,\"referenceType\":\"ManyToOne\",\"sqlType\":{\"name\":\"DATETIMEOFFSET\"},\"isRequired\":false,\"displayName\":\"UpdateTime\",\"description\":\"System built-in field\",\"createTime\":\"2025-02-02T12:28:04.937Z\",\"createdBy\":\"8c323b3a-5f91-4237-999d-ee2c0969be7e\",\"updateTime\":\"2025-02-02T12:28:04.937Z\",\"isSystemField\":true,\"isAttachment\":false,\"isRbacEnabled\":false,\"isModelReserved\":false,\"isVirtualField\":false}],\"recordCount\":9,\"storageSizeInMB\":0.070312,\"usedStorageSizeInMB\":0.015625,\"isRbacEnabled\":false,\"invalidIdentifiers\":[],\"isModelReserved\":false,\"id\":\"7bd9f725-61e1-ef11-88f8-002248a1377f\",\"createdBy\":\"8c323b3a-5f91-4237-999d-ee2c0969be7e\",\"createTime\":\"2025-02-02T12:28:04.88Z\",\"updateTime\":\"2025-02-02T12:28:04.88Z\",\"updatedBy\":\"8c323b3a-5f91-4237-999d-ee2c0969be7e\"}],\"choicesets\":[{\"id\":\"74d9f725-61e1-ef11-88f8-002248a1377f\",\"name\":\"UserType\",\"displayName\":\"User Type\",\"description\":\"Denotes the type of user record in the System User entity\",\"createdBy\":\"8c323b3a-5f91-4237-999d-ee2c0969be7e\",\"createTime\":\"2025-02-02T12:28:04.687Z\",\"updateTime\":\"2025-02-02T12:28:04.687Z\",\"updatedBy\":\"8c323b3a-5f91-4237-999d-ee2c0969be7e\",\"isModelReserved\":false,\"data\":[{\"DisplayName\":\"Group\",\"Name\":\"Group\",\"NumberId\":1},{\"DisplayName\":\"Robot\",\"Name\":\"Robot\",\"NumberId\":2},{\"DisplayName\":\"Application\",\"Name\":\"Application\",\"NumberId\":3},{\"DisplayName\":\"User\",\"Name\":\"User\",\"NumberId\":0}]}]}",
  "SelectedEntitiesNames": [
    "AppUser",
    "AutomationHistory",
    "AutomationProject",
    "FilterData",
    "SystemUser"
  ]
}